dataset,custom_id,category,market_direction,market_move_bin,valid_candidate_count,best_has_max_selected_evidence_count,best_has_max_evidence_weights_count,best_has_max_abs_update,best_selected_evidence_count,prompt_max_selected_evidence_count,max_selected_evidence_count_tie_size,best_evidence_weights_count,prompt_max_evidence_weights_count,max_evidence_weights_count_tie_size,best_abs_update,prompt_max_abs_update,max_abs_update_tie_size,candidate_count,helpful_candidate_available,posterior_range
train_all_batches,gemma4_26b_grounded_nonnull_train_batch001_fullnews_bounded_ensemble5_20260629__kalshi_train_0165__mixed_blind__neutral_forecaster__s00,Politics,up,large,3,True,True,True,1.0,1.0,3,1.0,1.0,3,0.0514,0.0514,1,3,True,0.039999999999999994
train_all_batches,gemma4_26b_grounded_nonnull_train_batch001_fullnews_bounded_ensemble5_20260629__kalshi_train_0809__mixed_blind__neutral_forecaster__s00,Companies,up,large,4,True,True,True,0.0,0.0,4,0.0,0.0,4,0.0,0.0,4,4,False,0.0
train_all_batches,gemma4_26b_grounded_nonnull_train_batch001_fullnews_bounded_ensemble5_20260629__kalshi_train_2712__mixed_blind__neutral_forecaster__s00,Politics,up,large,4,True,True,True,2.0,2.0,2,2.0,2.0,2,0.0063,0.0063,1,4,True,0.0063
train_all_batches,gemma4_26b_grounded_nonnull_train_batch001_fullnews_bounded_ensemble5_20260629__kalshi_train_2403__mixed_blind__neutral_forecaster__s00,Companies,up,large,5,True,True,True,2.0,2.0,1,2.0,2.0,1,0.034,0.034,1,5,True,0.03400000000000003
train_all_batches,gemma4_26b_grounded_nonnull_train_batch001_fullnews_bounded_ensemble5_20260629__kalshi_train_0342__mixed_blind__neutral_forecaster__s00,Companies,up,large,5,True,True,True,2.0,2.0,1,2.0,2.0,1,0.0311999999999999,0.0311999999999999,1,5,True,0.05299999999999999
train_all_batches,gemma4_26b_grounded_nonnull_train_batch001_fullnews_bounded_ensemble5_20260629__kalshi_train_1568__mixed_blind__neutral_forecaster__s00,Politics,up,large,4,True,True,True,0.0,0.0,4,0.0,0.0,4,0.0,0.0,4,4,False,0.0
train_all_batches,gemma4_26b_grounded_nonnull_train_batch001_fullnews_bounded_ensemble5_20260629__kalshi_train_1939__mixed_blind__neutral_forecaster__s00,Politics,up,large,5,False,False,False,0.0,5.0,2,0.0,5.0,2,0.0,0.2461999999999999,1,5,False,0.24619999999999997
train_all_batches,gemma4_26b_grounded_nonnull_train_batch001_fullnews_bounded_ensemble5_20260629__kalshi_train_0820__mixed_blind__neutral_forecaster__s00,Politics,down,large,5,True,True,False,5.0,5.0,5,5.0,5.0,5,0.0035,0.0364999999999999,2,5,True,0.040000000000000036
train_all_batches,gemma4_26b_grounded_nonnull_train_batch001_fullnews_bounded_ensemble5_20260629__kalshi_train_0832__mixed_blind__neutral_forecaster__s00,Companies,up,large,5,True,True,False,3.0,3.0,4,3.0,3.0,4,0.0292,0.0307999999999999,1,5,True,0.05999999999999994
train_all_batches,gemma4_26b_grounded_nonnull_train_batch001_fullnews_bounded_ensemble5_20260629__kalshi_train_2406__mixed_blind__neutral_forecaster__s00,Companies,down,large,4,True,True,False,1.0,1.0,4,1.0,1.0,4,0.025,0.0949999999999999,1,4,False,0.06999999999999995
train_all_batches,gemma4_26b_grounded_nonnull_train_batch001_fullnews_bounded_ensemble5_20260629__kalshi_train_1678__mixed_blind__neutral_forecaster__s00,Politics,up,large,5,True,True,True,2.0,2.0,1,2.0,2.0,1,0.0029999999999999,0.0029999999999999,1,5,True,0.0049999999999999975
train_all_batches,gemma4_26b_grounded_nonnull_train_batch001_fullnews_bounded_ensemble5_20260629__kalshi_train_0628__mixed_blind__neutral_forecaster__s00,Elections,down,large,5,True,True,True,5.0,5.0,5,0.0,0.0,5,0.0069,0.0069,1,5,True,0.006900000000000017
train_all_batches,gemma4_26b_grounded_nonnull_train_batch001_fullnews_bounded_ensemble5_20260629__kalshi_train_1632__mixed_blind__neutral_forecaster__s00,Companies,up,large,4,True,True,True,5.0,5.0,3,5.0,5.0,3,0.0237,0.0237,1,4,True,0.015000000000000013
train_all_batches,gemma4_26b_grounded_nonnull_train_batch001_fullnews_bounded_ensemble5_20260629__kalshi_train_1782__mixed_blind__neutral_forecaster__s00,Politics,down,large,5,True,True,True,1.0,1.0,4,1.0,1.0,4,0.0618999999999999,0.0618999999999999,1,5,True,0.09999999999999998
train_all_batches,gemma4_26b_grounded_nonnull_train_batch001_fullnews_bounded_ensemble5_20260629__kalshi_train_2096__mixed_blind__neutral_forecaster__s00,Politics,down,large,5,False,False,False,4.0,5.0,4,4.0,5.0,4,0.044,0.0559999999999999,2,5,True,0.10000000000000003
train_all_batches,gemma4_26b_grounded_nonnull_train_batch001_fullnews_bounded_ensemble5_20260629__kalshi_train_0739__mixed_blind__neutral_forecaster__s00,Politics,up,large,5,True,True,True,1.0,1.0,5,1.0,1.0,5,0.036,0.036,1,5,True,0.06000000000000005
train_all_batches,gemma4_26b_grounded_nonnull_train_batch001_fullnews_bounded_ensemble5_20260629__kalshi_train_1126__mixed_blind__neutral_forecaster__s00,Economics,down,large,5,True,True,True,2.0,2.0,2,2.0,2.0,2,0.0799999999999999,0.0799999999999999,1,5,True,0.07999999999999996
train_all_batches,gemma4_26b_grounded_nonnull_train_batch001_fullnews_bounded_ensemble5_20260629__kalshi_train_2738__mixed_blind__neutral_forecaster__s00,Politics,down,large,5,True,False,False,3.0,3.0,5,0.0,3.0,2,0.0,0.008,1,5,False,0.008000000000000007
train_all_batches,gemma4_26b_grounded_nonnull_train_batch001_fullnews_bounded_ensemble5_20260629__kalshi_train_1947__mixed_blind__neutral_forecaster__s00,Politics,up,large,5,True,True,False,2.0,2.0,3,2.0,2.0,3,0.04,0.0799999999999999,1,5,True,0.12
train_all_batches,gemma4_26b_grounded_nonnull_train_batch001_fullnews_bounded_ensemble5_20260629__kalshi_train_1679__mixed_blind__neutral_forecaster__s00,Politics,down,large,5,True,False,False,3.0,3.0,5,0.0,3.0,4,0.0,0.0538,1,5,False,0.053800000000000014
train_all_batches,gemma4_26b_grounded_nonnull_train_batch001_fullnews_bounded_ensemble5_20260629__kalshi_train_2398__mixed_blind__neutral_forecaster__s00,Politics,down,large,5,True,True,False,3.0,3.0,5,3.0,3.0,5,0.0058,0.0302,1,5,True,0.03600000000000003
train_all_batches,gemma4_26b_grounded_nonnull_train_batch001_fullnews_bounded_ensemble5_20260629__kalshi_train_1812__mixed_blind__neutral_forecaster__s00,Politics,up,large,5,True,True,True,3.0,3.0,1,3.0,3.0,1,0.0,0.0,5,5,False,0.0
train_all_batches,gemma4_26b_grounded_nonnull_train_batch001_fullnews_bounded_ensemble5_20260629__kalshi_train_2480__mixed_blind__neutral_forecaster__s00,Politics,up,large,5,False,False,False,1.0,2.0,1,1.0,2.0,1,0.018,0.118,1,5,False,0.09999999999999998
train_all_batches,gemma4_26b_grounded_nonnull_train_batch001_fullnews_bounded_ensemble5_20260629__kalshi_train_1832__mixed_blind__neutral_forecaster__s00,Politics,up,large,5,True,True,True,1.0,1.0,5,1.0,1.0,5,0.121,0.121,1,5,True,0.2
train_all_batches,gemma4_26b_grounded_nonnull_train_batch001_fullnews_bounded_ensemble5_20260629__kalshi_train_0359__mixed_blind__neutral_forecaster__s00,Elections,down,large,4,True,True,True,3.0,3.0,4,3.0,3.0,4,0.0421999999999999,0.0421999999999999,1,4,True,0.06999999999999995
train_all_batches,gemma4_26b_grounded_nonnull_train_batch001_fullnews_bounded_ensemble5_20260629__kalshi_train_0423__mixed_blind__neutral_forecaster__s00,Politics,down,large,3,True,True,False,2.0,2.0,3,2.0,2.0,3,0.009,0.0289999999999999,1,3,False,0.019999999999999962
train_all_batches,gemma4_26b_grounded_nonnull_train_batch001_fullnews_bounded_ensemble5_20260629__kalshi_train_1499__mixed_blind__neutral_forecaster__s00,Elections,up,large,4,False,False,False,1.0,2.0,2,1.0,2.0,2,0.0128,0.0231,1,4,True,0.03590000000000004
train_all_batches,gemma4_26b_grounded_nonnull_train_batch001_fullnews_bounded_ensemble5_20260629__kalshi_train_1938__mixed_blind__neutral_forecaster__s00,Politics,up,large,5,True,True,True,2.0,2.0,2,2.0,2.0,2,0.0019999999999999,0.0019999999999999,1,5,True,0.002999999999999999
train_all_batches,gemma4_26b_grounded_nonnull_train_batch001_fullnews_bounded_ensemble5_20260629__kalshi_train_0738__mixed_blind__neutral_forecaster__s00,Politics,up,large,5,False,False,True,2.0,3.0,1,2.0,3.0,1,0.068,0.068,1,5,True,0.13
train_all_batches,gemma4_26b_grounded_nonnull_train_batch001_fullnews_bounded_ensemble5_20260629__kalshi_train_0433__mixed_blind__neutral_forecaster__s00,Politics,up,large,5,True,True,True,5.0,5.0,4,5.0,5.0,4,0.15,0.15,1,5,True,0.15000000000000002
train_all_batches,gemma4_26b_grounded_nonnull_train_batch001_fullnews_bounded_ensemble5_20260629__kalshi_train_2737__mixed_blind__neutral_forecaster__s00,Politics,up,large,5,True,True,True,1.0,1.0,4,1.0,1.0,4,0.04,0.04,1,5,True,0.040000000000000036
train_all_batches,gemma4_26b_grounded_nonnull_train_batch001_fullnews_bounded_ensemble5_20260629__kalshi_train_1504__mixed_blind__neutral_forecaster__s00,Politics,down,large,5,True,True,True,1.0,1.0,4,1.0,1.0,4,0.02,0.02,2,5,True,0.040000000000000036
train_all_batches,gemma4_26b_grounded_nonnull_train_batch001_fullnews_bounded_ensemble5_20260629__kalshi_train_1302__mixed_blind__neutral_forecaster__s00,Companies,down,large,5,True,True,False,3.0,3.0,1,3.0,3.0,1,0.0093,0.0156999999999999,1,5,True,0.025000000000000022
train_all_batches,gemma4_26b_grounded_nonnull_train_batch001_fullnews_bounded_ensemble5_20260629__kalshi_train_1834__mixed_blind__neutral_forecaster__s00,Politics,up,large,5,False,False,False,0.0,2.0,3,0.0,2.0,1,0.0,0.016,1,5,False,0.016000000000000014
train_all_batches,gemma4_26b_grounded_nonnull_train_batch001_fullnews_bounded_ensemble5_20260629__kalshi_train_2095__mixed_blind__neutral_forecaster__s00,Politics,up,large,5,True,True,True,3.0,3.0,5,3.0,3.0,5,0.0383999999999999,0.0383999999999999,1,5,True,0.04999999999999999
train_all_batches,gemma4_26b_grounded_nonnull_train_batch001_fullnews_bounded_ensemble5_20260629__kalshi_train_1921__mixed_blind__neutral_forecaster__s00,Politics,up,large,3,True,True,False,1.0,1.0,3,1.0,1.0,3,0.0708999999999999,0.0790999999999999,1,3,True,0.1499999999999999
train_all_batches,gemma4_26b_grounded_nonnull_train_batch001_fullnews_bounded_ensemble5_20260629__kalshi_train_0133__mixed_blind__neutral_forecaster__s00,Politics,down,large,5,True,True,True,0.0,0.0,5,0.0,0.0,5,0.0,0.0,5,5,False,0.0
train_all_batches,gemma4_26b_grounded_nonnull_train_batch001_fullnews_bounded_ensemble5_20260629__kalshi_train_1781__mixed_blind__neutral_forecaster__s00,Politics,down,large,5,True,True,True,3.0,3.0,1,3.0,3.0,1,0.0222999999999999,0.0222999999999999,2,5,True,0.025000000000000022
train_all_batches,gemma4_26b_grounded_nonnull_train_batch001_fullnews_bounded_ensemble5_20260629__kalshi_train_1902__mixed_blind__neutral_forecaster__s00,Politics,up,large,5,True,True,True,2.0,2.0,1,2.0,2.0,1,0.045,0.045,1,5,True,0.045
train_all_batches,gemma4_26b_grounded_nonnull_train_batch001_fullnews_bounded_ensemble5_20260629__kalshi_train_0124__mixed_blind__neutral_forecaster__s00,Elections,down,large,5,True,True,True,1.0,1.0,2,0.0,0.0,5,0.0,0.0,5,5,False,0.0
train_all_batches,gemma4_26b_grounded_nonnull_train_batch001_fullnews_bounded_ensemble5_20260629__kalshi_train_2407__mixed_blind__neutral_forecaster__s00,Companies,down,large,5,True,True,False,2.0,2.0,5,2.0,2.0,5,0.0335999999999999,0.0835999999999999,1,5,False,0.04999999999999999
train_all_batches,gemma4_26b_grounded_nonnull_train_batch001_fullnews_bounded_ensemble5_20260629__kalshi_train_1926__mixed_blind__neutral_forecaster__s00,Politics,up,large,5,True,False,False,1.0,1.0,5,0.0,1.0,1,0.0,0.01,1,5,False,0.010000000000000009
train_all_batches,gemma4_26b_grounded_nonnull_train_batch001_fullnews_bounded_ensemble5_20260629__kalshi_train_1129__mixed_blind__neutral_forecaster__s00,Economics,up,large,5,True,True,True,1.0,1.0,5,1.0,1.0,5,0.0281999999999999,0.0281999999999999,1,5,True,0.04999999999999999
train_all_batches,gemma4_26b_grounded_nonnull_train_batch001_fullnews_bounded_ensemble5_20260629__kalshi_train_0060__mixed_blind__neutral_forecaster__s00,Politics,up,large,5,False,False,False,2.0,3.0,1,2.0,3.0,1,0.0393,0.0406999999999999,1,5,True,0.08000000000000002
train_all_batches,gemma4_26b_grounded_nonnull_train_batch001_fullnews_bounded_ensemble5_20260629__kalshi_train_1567__mixed_blind__neutral_forecaster__s00,Politics,up,large,5,False,False,True,2.0,4.0,1,2.0,4.0,1,0.0220999999999999,0.0220999999999999,2,5,True,0.03999999999999998
train_all_batches,gemma4_26b_grounded_nonnull_train_batch001_fullnews_bounded_ensemble5_20260629__kalshi_train_0219__mixed_blind__neutral_forecaster__s00,Politics,down,large,5,True,True,True,1.0,1.0,5,1.0,1.0,5,0.0,0.0,5,5,False,0.0
train_all_batches,gemma4_26b_grounded_nonnull_train_batch001_fullnews_bounded_ensemble5_20260629__kalshi_train_0362__mixed_blind__neutral_forecaster__s00,Elections,down,large,5,False,False,False,1.0,4.0,1,0.0,4.0,1,0.0,0.0586,1,5,False,0.05860000000000004
train_all_batches,gemma4_26b_grounded_nonnull_train_batch001_fullnews_bounded_ensemble5_20260629__kalshi_train_1925__mixed_blind__neutral_forecaster__s00,Politics,down,large,4,True,True,True,1.0,1.0,4,1.0,1.0,4,0.0885,0.0885,1,4,True,0.15000000000000002
train_all_batches,gemma4_26b_grounded_nonnull_train_batch001_fullnews_bounded_ensemble5_20260629__kalshi_train_2750__mixed_blind__neutral_forecaster__s00,Politics,down,large,5,True,True,False,1.0,1.0,4,1.0,1.0,4,0.0018,0.0081999999999999,1,5,True,0.010000000000000009
train_all_batches,gemma4_26b_grounded_nonnull_train_batch001_fullnews_bounded_ensemble5_20260629__kalshi_train_0763__mixed_blind__neutral_forecaster__s00,Economics,down,large,4,True,True,True,1.0,1.0,4,1.0,1.0,4,0.0131999999999999,0.0131999999999999,1,4,True,0.020000000000000018
train_all_batches,gemma4_26b_grounded_nonnull_train_batch001_fullnews_bounded_ensemble5_20260629__kalshi_train_2736__mixed_blind__neutral_forecaster__s00,Politics,up,large,2,False,False,True,1.0,2.0,1,1.0,2.0,1,0.1311,0.1311,1,2,True,0.10000000000000003
train_all_batches,gemma4_26b_grounded_nonnull_train_batch001_fullnews_bounded_ensemble5_20260629__kalshi_train_0166__mixed_blind__neutral_forecaster__s00,Politics,up,large,5,True,True,True,0.0,0.0,5,0.0,0.0,5,0.0,0.0,5,5,False,0.0
train_all_batches,gemma4_26b_grounded_nonnull_train_batch001_fullnews_bounded_ensemble5_20260629__kalshi_train_1831__mixed_blind__neutral_forecaster__s00,Politics,down,large,1,True,True,True,0.0,0.0,1,0.0,0.0,1,0.0,0.0,1,1,False,0.0
train_all_batches,gemma4_26b_grounded_nonnull_train_batch001_fullnews_bounded_ensemble5_20260629__kalshi_train_1128__mixed_blind__neutral_forecaster__s00,Economics,down,large,5,True,True,True,0.0,0.0,5,0.0,0.0,5,0.0,0.0,5,5,False,0.0
train_all_batches,gemma4_26b_grounded_nonnull_train_batch001_fullnews_bounded_ensemble5_20260629__kalshi_train_2733__mixed_blind__neutral_forecaster__s00,Politics,down,large,3,True,True,False,1.0,1.0,3,1.0,1.0,3,0.0287,0.0586999999999999,1,3,False,0.029999999999999916
train_all_batches,gemma4_26b_grounded_nonnull_train_batch001_fullnews_bounded_ensemble5_20260629__kalshi_train_0819__mixed_blind__neutral_forecaster__s00,Politics,down,large,5,True,True,False,1.0,1.0,4,1.0,1.0,4,0.0049,0.0050999999999999,1,5,True,0.010000000000000009
train_all_batches,gemma4_26b_grounded_nonnull_train_batch001_fullnews_bounded_ensemble5_20260629__kalshi_train_1833__mixed_blind__neutral_forecaster__s00,Politics,down,large,4,False,False,False,2.0,3.0,1,2.0,3.0,1,0.0533,0.0746999999999999,1,4,True,0.128
train_all_batches,gemma4_26b_grounded_nonnull_train_batch001_fullnews_bounded_ensemble5_20260629__kalshi_train_2477__mixed_blind__neutral_forecaster__s00,Politics,up,large,5,True,True,True,1.0,1.0,3,1.0,1.0,3,0.0340999999999999,0.0340999999999999,1,5,True,0.034099999999999964
train_all_batches,gemma4_26b_grounded_nonnull_train_batch001_fullnews_bounded_ensemble5_20260629__kalshi_train_2455__mixed_blind__neutral_forecaster__s00,Companies,down,large,5,True,True,False,5.0,5.0,5,5.0,5.0,5,0.01,0.0349999999999999,1,5,True,0.044999999999999984
train_all_batches,gemma4_26b_grounded_nonnull_train_batch001_fullnews_bounded_ensemble5_20260629__kalshi_train_1907__mixed_blind__neutral_forecaster__s00,Politics,up,large,5,True,True,True,2.0,2.0,3,2.0,2.0,2,0.025,0.025,1,5,True,0.05
train_all_batches,gemma4_26b_grounded_nonnull_train_batch001_fullnews_bounded_ensemble5_20260629__kalshi_train_0951__mixed_blind__neutral_forecaster__s00,Economics,up,large,4,True,True,False,1.0,1.0,4,1.0,1.0,4,0.0381,0.0419,1,4,True,0.08000000000000007
train_all_batches,gemma4_26b_grounded_nonnull_train_batch001_fullnews_bounded_ensemble5_20260629__kalshi_train_1167__mixed_blind__neutral_forecaster__s00,Politics,down,large,5,True,False,False,2.0,2.0,5,0.0,2.0,1,0.0,0.06,1,5,False,0.06
train_all_batches,gemma4_26b_grounded_nonnull_train_batch001_fullnews_bounded_ensemble5_20260629__kalshi_train_2319__mixed_blind__neutral_forecaster__s00,Politics,up,large,3,True,True,True,1.0,1.0,3,1.0,1.0,3,0.0460999999999999,0.0460999999999999,1,3,True,0.02999999999999997
train_all_batches,gemma4_26b_grounded_nonnull_train_batch001_fullnews_bounded_ensemble5_20260629__kalshi_train_1680__mixed_blind__neutral_forecaster__s00,Politics,down,large,5,True,True,False,2.0,2.0,2,2.0,2.0,2,0.0349,0.0350999999999999,1,5,True,0.07
train_all_batches,gemma4_26b_grounded_nonnull_train_batch001_fullnews_bounded_ensemble5_20260629__kalshi_train_0627__mixed_blind__neutral_forecaster__s00,Elections,up,large,5,True,True,True,1.0,1.0,4,1.0,1.0,4,0.0837,0.0837,1,5,True,0.09999999999999998
train_all_batches,gemma4_26b_grounded_nonnull_train_batch001_fullnews_bounded_ensemble5_20260629__kalshi_train_0132__mixed_blind__neutral_forecaster__s00,Politics,down,large,5,True,True,True,5.0,5.0,5,5.0,5.0,5,0.1630999999999999,0.1630999999999999,1,5,True,0.011399999999999966
train_all_batches,gemma4_26b_grounded_nonnull_train_batch001_fullnews_bounded_ensemble5_20260629__kalshi_train_0125__mixed_blind__neutral_forecaster__s00,Elections,up,large,5,True,True,False,1.0,1.0,4,1.0,1.0,4,0.16,0.1799999999999999,2,5,True,0.17999999999999994
train_all_batches,gemma4_26b_grounded_nonnull_train_batch001_fullnews_bounded_ensemble5_20260629__kalshi_train_2169__mixed_blind__neutral_forecaster__s00,Politics,down,large,5,False,False,True,0.0,1.0,1,0.0,1.0,1,0.0,0.0,5,5,False,0.0
train_all_batches,gemma4_26b_grounded_nonnull_train_batch001_fullnews_bounded_ensemble5_20260629__kalshi_train_2429__mixed_blind__neutral_forecaster__s00,Companies,down,large,5,True,True,True,1.0,1.0,1,1.0,1.0,1,0.0,0.0,5,5,False,0.0
train_all_batches,gemma4_26b_grounded_nonnull_train_batch001_fullnews_bounded_ensemble5_20260629__kalshi_train_2751__mixed_blind__neutral_forecaster__s00,Politics,down,large,5,True,True,True,1.0,1.0,5,0.0,0.0,5,0.0,0.0,5,5,False,0.0
train_all_batches,gemma4_26b_grounded_nonnull_train_batch001_fullnews_bounded_ensemble5_20260629__kalshi_train_1683__mixed_blind__neutral_forecaster__s00,Politics,down,large,5,False,False,True,1.0,3.0,4,1.0,3.0,4,0.0,0.0,5,5,False,0.0
train_all_batches,gemma4_26b_grounded_nonnull_train_batch001_fullnews_bounded_ensemble5_20260629__kalshi_train_2518__mixed_blind__neutral_forecaster__s00,Politics,down,large,5,False,False,True,0.0,1.0,3,0.0,1.0,3,0.0,0.0,5,5,False,0.0
train_all_batches,gemma4_26b_grounded_nonnull_train_batch001_fullnews_bounded_ensemble5_20260629__kalshi_train_1936__mixed_blind__neutral_forecaster__s00,Politics,up,large,5,True,True,True,1.0,1.0,5,0.0,0.0,5,0.0,0.0,5,5,False,0.0
train_all_batches,gemma4_26b_grounded_nonnull_train_batch001_fullnews_bounded_ensemble5_20260629__kalshi_train_0824__mixed_blind__neutral_forecaster__s00,Companies,up,large,5,True,True,True,1.0,1.0,5,1.0,1.0,3,0.0186,0.0186,1,5,True,0.02999999999999997
train_all_batches,gemma4_26b_grounded_nonnull_train_batch001_fullnews_bounded_ensemble5_20260629__kalshi_train_2031__mixed_blind__neutral_forecaster__s00,Politics,down,large,2,False,False,False,0.0,2.0,1,0.0,2.0,1,0.0,0.079,1,2,False,0.07900000000000007
train_all_batches,gemma4_26b_grounded_nonnull_train_batch001_fullnews_bounded_ensemble5_20260629__kalshi_train_2753__mixed_blind__neutral_forecaster__s00,Politics,up,large,2,True,True,True,2.0,2.0,1,2.0,2.0,1,0.0378,0.0378,1,2,True,0.020000000000000018
train_all_batches,gemma4_26b_grounded_nonnull_train_batch001_fullnews_bounded_ensemble5_20260629__kalshi_train_1949__mixed_blind__neutral_forecaster__s00,Politics,up,medium,5,True,True,True,2.0,2.0,1,2.0,2.0,1,0.2248,0.2248,1,5,True,0.29999999999999993
train_all_batches,gemma4_26b_grounded_nonnull_train_batch001_fullnews_bounded_ensemble5_20260629__kalshi_train_2707__mixed_blind__neutral_forecaster__s00,Politics,down,medium,3,True,True,False,1.0,1.0,3,1.0,1.0,3,0.0019,0.0030999999999999,2,3,True,0.0050000000000000044
train_all_batches,gemma4_26b_grounded_nonnull_train_batch001_fullnews_bounded_ensemble5_20260629__kalshi_train_1748__mixed_blind__neutral_forecaster__s00,Politics,down,medium,3,True,True,True,5.0,5.0,3,5.0,5.0,3,0.0032999999999999,0.0032999999999999,1,3,True,0.0026000000000000467
train_all_batches,gemma4_26b_grounded_nonnull_train_batch001_fullnews_bounded_ensemble5_20260629__kalshi_train_1830__mixed_blind__neutral_forecaster__s00,Politics,down,medium,5,True,True,True,1.0,1.0,4,1.0,1.0,4,0.0175999999999999,0.0175999999999999,1,5,True,0.01759999999999995
train_all_batches,gemma4_26b_grounded_nonnull_train_batch001_fullnews_bounded_ensemble5_20260629__kalshi_train_0360__mixed_blind__neutral_forecaster__s00,Elections,up,medium,5,True,True,True,4.0,4.0,5,4.0,4.0,4,0.015,0.015,1,5,True,0.024999999999999967
train_all_batches,gemma4_26b_grounded_nonnull_train_batch001_fullnews_bounded_ensemble5_20260629__kalshi_train_1918__mixed_blind__neutral_forecaster__s00,Politics,up,medium,4,True,True,True,5.0,5.0,4,4.0,4.0,4,0.0507,0.0507,1,4,True,0.040000000000000036
train_all_batches,gemma4_26b_grounded_nonnull_train_batch001_fullnews_bounded_ensemble5_20260629__kalshi_train_2633__mixed_blind__neutral_forecaster__s00,Economics,up,medium,5,True,True,True,1.0,1.0,5,1.0,1.0,5,0.0839999999999999,0.0839999999999999,1,5,True,0.12
train_all_batches,gemma4_26b_grounded_nonnull_train_batch001_fullnews_bounded_ensemble5_20260629__kalshi_train_0160__mixed_blind__neutral_forecaster__s00,Politics,down,medium,5,False,False,False,3.0,5.0,1,3.0,5.0,1,0.0999999999999999,0.3,1,5,True,0.5
train_all_batches,gemma4_26b_grounded_nonnull_train_batch001_fullnews_bounded_ensemble5_20260629__kalshi_train_1948__mixed_blind__neutral_forecaster__s00,Politics,up,medium,5,True,True,False,1.0,1.0,4,1.0,1.0,4,0.1105999999999999,0.3893999999999999,1,5,True,0.5
train_all_batches,gemma4_26b_grounded_nonnull_train_batch002_fullnews_bounded_ensemble5_20260629__kalshi_train_1408__mixed_blind__neutral_forecaster__s00,Companies,up,medium,5,True,True,True,5.0,5.0,4,5.0,5.0,4,0.0244999999999999,0.0244999999999999,1,5,True,0.039999999999999925
train_all_batches,gemma4_26b_grounded_nonnull_train_batch002_fullnews_bounded_ensemble5_20260629__kalshi_train_2478__mixed_blind__neutral_forecaster__s00,Politics,up,medium,5,False,False,True,1.0,2.0,2,1.0,2.0,2,0.0478,0.0478,1,5,True,0.047800000000000065
train_all_batches,gemma4_26b_grounded_nonnull_train_batch002_fullnews_bounded_ensemble5_20260629__kalshi_train_2053__mixed_blind__neutral_forecaster__s00,Economics,up,medium,5,True,True,True,0.0,0.0,5,0.0,0.0,5,0.0,0.0,5,5,False,0.0
train_all_batches,gemma4_26b_grounded_nonnull_train_batch002_fullnews_bounded_ensemble5_20260629__kalshi_train_2047__mixed_blind__neutral_forecaster__s00,Economics,down,medium,5,False,False,False,0.0,5.0,3,0.0,5.0,3,0.0,0.0299999999999999,2,5,False,0.02999999999999997
train_all_batches,gemma4_26b_grounded_nonnull_train_batch002_fullnews_bounded_ensemble5_20260629__kalshi_train_1612__mixed_blind__neutral_forecaster__s00,Politics,down,medium,5,True,True,False,2.0,2.0,4,2.0,2.0,4,0.0251999999999999,0.0423,1,5,True,0.06749999999999999
train_all_batches,gemma4_26b_grounded_nonnull_train_batch002_fullnews_bounded_ensemble5_20260629__kalshi_train_1127__mixed_blind__neutral_forecaster__s00,Economics,down,medium,5,False,False,False,0.0,1.0,4,0.0,1.0,4,0.0,0.02,2,5,False,0.020000000000000018
train_all_batches,gemma4_26b_grounded_nonnull_train_batch002_fullnews_bounded_ensemble5_20260629__kalshi_train_0127__mixed_blind__neutral_forecaster__s00,Elections,down,medium,1,True,True,True,2.0,2.0,1,2.0,2.0,1,0.0254999999999999,0.0254999999999999,1,1,False,0.0
train_all_batches,gemma4_26b_grounded_nonnull_train_batch002_fullnews_bounded_ensemble5_20260629__kalshi_train_2001__mixed_blind__neutral_forecaster__s00,Politics,up,medium,5,True,True,True,0.0,0.0,5,0.0,0.0,5,0.0,0.0,5,5,False,0.0
train_all_batches,gemma4_26b_grounded_nonnull_train_batch002_fullnews_bounded_ensemble5_20260629__kalshi_train_2005__mixed_blind__neutral_forecaster__s00,Politics,down,medium,5,True,True,False,5.0,5.0,5,5.0,5.0,5,0.01,0.02,1,5,True,0.030000000000000027
train_all_batches,gemma4_26b_grounded_nonnull_train_batch002_fullnews_bounded_ensemble5_20260629__kalshi_train_0776__mixed_blind__neutral_forecaster__s00,Politics,down,medium,5,True,True,False,1.0,1.0,4,1.0,1.0,4,0.0151999999999999,0.0348,1,5,True,0.05000000000000002
train_all_batches,gemma4_26b_grounded_nonnull_train_batch002_fullnews_bounded_ensemble5_20260629__kalshi_train_1998__mixed_blind__neutral_forecaster__s00,Politics,down,medium,5,True,True,True,1.0,1.0,4,1.0,1.0,4,0.0153999999999999,0.0153999999999999,1,5,True,0.01999999999999999
train_all_batches,gemma4_26b_grounded_nonnull_train_batch002_fullnews_bounded_ensemble5_20260629__kalshi_train_0415__mixed_blind__neutral_forecaster__s00,Politics,down,medium,5,True,True,False,2.0,2.0,4,2.0,2.0,4,0.0454999999999999,0.0544999999999999,1,5,True,0.09999999999999998
train_all_batches,gemma4_26b_grounded_nonnull_train_batch002_fullnews_bounded_ensemble5_20260629__kalshi_train_2519__mixed_blind__neutral_forecaster__s00,Politics,down,medium,5,False,False,False,0.0,3.0,2,0.0,3.0,2,0.0,0.0279999999999999,1,5,False,0.027999999999999997
train_all_batches,gemma4_26b_grounded_nonnull_train_batch002_fullnews_bounded_ensemble5_20260629__kalshi_train_2752__mixed_blind__neutral_forecaster__s00,Politics,up,medium,1,True,True,True,1.0,1.0,1,1.0,1.0,1,0.1439,0.1439,1,1,True,0.0
train_all_batches,gemma4_26b_grounded_nonnull_train_batch002_fullnews_bounded_ensemble5_20260629__kalshi_train_1366__mixed_blind__neutral_forecaster__s00,Science and Technology,up,medium,5,True,True,True,1.0,1.0,5,1.0,1.0,5,0.0049999999999999,0.0049999999999999,1,5,True,0.0049999999999999906
train_all_batches,gemma4_26b_grounded_nonnull_train_batch002_fullnews_bounded_ensemble5_20260629__kalshi_train_2116__mixed_blind__neutral_forecaster__s00,Politics,down,medium,5,False,False,False,1.0,3.0,1,1.0,3.0,1,0.0,0.2114,1,5,False,0.2114
train_all_batches,gemma4_26b_grounded_nonnull_train_batch002_fullnews_bounded_ensemble5_20260629__kalshi_train_0990__mixed_blind__neutral_forecaster__s00,Politics,down,medium,5,False,False,False,0.0,4.0,1,0.0,4.0,1,0.0,0.0399999999999999,1,5,False,0.03999999999999998
train_all_batches,gemma4_26b_grounded_nonnull_train_batch002_fullnews_bounded_ensemble5_20260629__kalshi_train_2646__mixed_blind__neutral_forecaster__s00,Economics,down,medium,5,False,False,False,0.0,3.0,1,0.0,3.0,1,0.0,0.1099999999999999,1,5,False,0.10999999999999999
train_all_batches,gemma4_26b_grounded_nonnull_train_batch002_fullnews_bounded_ensemble5_20260629__kalshi_train_1811__mixed_blind__neutral_forecaster__s00,Politics,up,medium,4,True,True,True,1.0,1.0,4,2.0,2.0,4,0.0196999999999999,0.0196999999999999,1,4,True,0.014999999999999958
train_all_batches,gemma4_26b_grounded_nonnull_train_batch002_fullnews_bounded_ensemble5_20260629__kalshi_train_2006__mixed_blind__neutral_forecaster__s00,Politics,down,medium,5,False,False,True,0.0,2.0,1,0.0,2.0,1,0.0,0.0,5,5,False,0.0
train_all_batches,gemma4_26b_grounded_nonnull_train_batch002_fullnews_bounded_ensemble5_20260629__kalshi_train_0462__mixed_blind__neutral_forecaster__s00,Economics,down,medium,5,False,False,True,1.0,2.0,3,1.0,2.0,3,0.0214,0.0214,1,5,True,0.035
train_all_batches,gemma4_26b_grounded_nonnull_train_batch002_fullnews_bounded_ensemble5_20260629__kalshi_train_2035__mixed_blind__neutral_forecaster__s00,Politics,down,medium,4,True,True,False,1.0,1.0,4,1.0,1.0,4,0.0,0.0388,1,4,False,0.0388
train_all_batches,gemma4_26b_grounded_nonnull_train_batch002_fullnews_bounded_ensemble5_20260629__kalshi_train_1920__mixed_blind__neutral_forecaster__s00,Politics,up,medium,2,True,True,True,4.0,4.0,2,4.0,4.0,2,0.3149,0.3149,2,2,False,0.0
train_all_batches,gemma4_26b_grounded_nonnull_train_batch002_fullnews_bounded_ensemble5_20260629__kalshi_train_0159__mixed_blind__neutral_forecaster__s00,Politics,down,medium,5,True,True,False,1.0,1.0,4,1.0,1.0,4,0.0218,0.0382,1,5,True,0.06000000000000005
train_all_batches,gemma4_26b_grounded_nonnull_train_batch002_fullnews_bounded_ensemble5_20260629__kalshi_train_2713__mixed_blind__neutral_forecaster__s00,Politics,up,medium,5,True,True,True,2.0,2.0,5,2.0,2.0,5,0.015,0.015,5,5,True,0.0
train_all_batches,gemma4_26b_grounded_nonnull_train_batch002_fullnews_bounded_ensemble5_20260629__kalshi_train_0001__mixed_blind__neutral_forecaster__s00,Politics,up,medium,5,True,True,True,1.0,1.0,4,1.0,1.0,4,0.0599999999999999,0.0599999999999999,1,5,True,0.05999999999999994
train_all_batches,gemma4_26b_grounded_nonnull_train_batch002_fullnews_bounded_ensemble5_20260629__kalshi_train_1950__mixed_blind__neutral_forecaster__s00,Politics,up,medium,5,False,False,True,3.0,4.0,1,3.0,4.0,1,0.0999999999999999,0.0999999999999999,1,5,True,0.09999999999999998
train_all_batches,gemma4_26b_grounded_nonnull_train_batch002_fullnews_bounded_ensemble5_20260629__kalshi_train_0002__mixed_blind__neutral_forecaster__s00,Politics,down,medium,5,True,True,True,1.0,1.0,3,0.0,0.0,5,0.0,0.0,5,5,False,0.0
train_all_batches,gemma4_26b_grounded_nonnull_train_batch002_fullnews_bounded_ensemble5_20260629__kalshi_train_0681__mixed_blind__neutral_forecaster__s00,Economics,up,medium,5,True,True,True,0.0,0.0,5,0.0,0.0,5,0.0,0.0,5,5,False,0.0
train_all_batches,gemma4_26b_grounded_nonnull_train_batch002_fullnews_bounded_ensemble5_20260629__kalshi_train_1903__mixed_blind__neutral_forecaster__s00,Politics,up,medium,4,True,True,True,5.0,5.0,4,5.0,5.0,4,0.0791999999999999,0.0791999999999999,1,4,True,0.03999999999999998
train_all_batches,gemma4_26b_grounded_nonnull_train_batch002_fullnews_bounded_ensemble5_20260629__kalshi_train_0666__mixed_blind__neutral_forecaster__s00,Politics,down,medium,5,True,True,False,2.0,2.0,4,2.0,2.0,4,0.0359999999999999,0.044,1,5,True,0.08000000000000002
train_all_batches,gemma4_26b_grounded_nonnull_train_batch002_fullnews_bounded_ensemble5_20260629__kalshi_train_2183__mixed_blind__neutral_forecaster__s00,Companies,down,medium,5,True,True,False,1.0,1.0,5,1.0,1.0,5,0.02,0.03,1,5,True,0.050000000000000044
train_all_batches,gemma4_26b_grounded_nonnull_train_batch002_fullnews_bounded_ensemble5_20260629__kalshi_train_1935__mixed_blind__neutral_forecaster__s00,Politics,up,medium,5,False,False,False,0.0,2.0,3,0.0,2.0,3,0.0,0.0798,1,5,False,0.07980000000000001
train_all_batches,gemma4_26b_grounded_nonnull_train_batch002_fullnews_bounded_ensemble5_20260629__kalshi_train_0135__mixed_blind__neutral_forecaster__s00,Politics,down,medium,5,True,True,True,5.0,5.0,1,0.0,0.0,5,0.0,0.0,5,5,False,0.0
train_all_batches,gemma4_26b_grounded_nonnull_train_batch002_fullnews_bounded_ensemble5_20260629__kalshi_train_2479__mixed_blind__neutral_forecaster__s00,Politics,up,medium,5,True,True,True,5.0,5.0,5,5.0,5.0,5,0.1,0.1,5,5,False,0.0
train_all_batches,gemma4_26b_grounded_nonnull_train_batch002_fullnews_bounded_ensemble5_20260629__kalshi_train_2054__mixed_blind__neutral_forecaster__s00,Economics,down,medium,4,False,False,False,0.0,1.0,2,0.0,1.0,2,0.0,0.07,1,4,False,0.07
train_all_batches,gemma4_26b_grounded_nonnull_train_batch002_fullnews_bounded_ensemble5_20260629__kalshi_train_0582__mixed_blind__neutral_forecaster__s00,Politics,down,medium,5,True,True,True,0.0,0.0,5,0.0,0.0,5,0.0,0.0,5,5,False,0.0
train_all_batches,gemma4_26b_grounded_nonnull_train_batch002_fullnews_bounded_ensemble5_20260629__kalshi_train_0651__mixed_blind__neutral_forecaster__s00,Politics,down,medium,5,True,True,False,1.0,1.0,5,1.0,1.0,5,0.0999999999999999,0.1,1,5,True,0.2
train_all_batches,gemma4_26b_grounded_nonnull_train_batch002_fullnews_bounded_ensemble5_20260629__kalshi_train_1805__mixed_blind__neutral_forecaster__s00,Politics,up,medium,1,True,True,True,1.0,1.0,1,1.0,1.0,1,0.0499999999999999,0.0499999999999999,1,1,True,0.0
train_all_batches,gemma4_26b_grounded_nonnull_train_batch002_fullnews_bounded_ensemble5_20260629__kalshi_train_2645__mixed_blind__neutral_forecaster__s00,Economics,down,medium,5,True,True,True,1.0,1.0,5,0.0,0.0,5,0.0,0.0,5,5,False,0.0
train_all_batches,gemma4_26b_grounded_nonnull_train_batch002_fullnews_bounded_ensemble5_20260629__kalshi_train_0954__mixed_blind__neutral_forecaster__s00,Economics,up,medium,3,True,True,True,1.0,1.0,2,1.0,1.0,2,0.01,0.01,2,3,True,0.010000000000000009
train_all_batches,gemma4_26b_grounded_nonnull_train_batch002_fullnews_bounded_ensemble5_20260629__kalshi_train_0538__mixed_blind__neutral_forecaster__s00,Companies,down,medium,5,False,False,False,1.0,5.0,1,1.0,5.0,1,0.0056999999999999,0.0092999999999999,1,5,True,0.014999999999999958
train_all_batches,gemma4_26b_grounded_nonnull_train_batch002_fullnews_bounded_ensemble5_20260629__kalshi_train_2749__mixed_blind__neutral_forecaster__s00,Politics,down,medium,5,True,True,False,2.0,2.0,5,2.0,2.0,5,0.0999999999999999,0.15,1,5,False,0.050000000000000044
train_all_batches,gemma4_26b_grounded_nonnull_train_batch002_fullnews_bounded_ensemble5_20260629__kalshi_train_2711__mixed_blind__neutral_forecaster__s00,Politics,up,medium,3,True,True,True,1.0,1.0,3,1.0,1.0,3,0.0185,0.0185,1,3,True,0.015
train_all_batches,gemma4_26b_grounded_nonnull_train_batch002_fullnews_bounded_ensemble5_20260629__kalshi_train_1219__mixed_blind__neutral_forecaster__s00,Politics,up,medium,5,True,True,False,1.0,1.0,4,1.0,1.0,4,0.0134,0.0435999999999999,1,5,True,0.05700000000000005
train_all_batches,gemma4_26b_grounded_nonnull_train_batch002_fullnews_bounded_ensemble5_20260629__kalshi_train_1997__mixed_blind__neutral_forecaster__s00,Politics,up,medium,5,True,True,True,1.0,1.0,5,1.0,1.0,5,0.0088,0.0088,5,5,False,0.0
train_all_batches,gemma4_26b_grounded_nonnull_train_batch002_fullnews_bounded_ensemble5_20260629__kalshi_train_1498__mixed_blind__neutral_forecaster__s00,Elections,up,medium,5,True,True,False,1.0,1.0,4,1.0,1.0,4,0.0490999999999999,0.0709,1,5,True,0.12
train_all_batches,gemma4_26b_grounded_nonnull_train_batch002_fullnews_bounded_ensemble5_20260629__kalshi_train_1220__mixed_blind__neutral_forecaster__s00,Politics,down,medium,4,True,True,False,5.0,5.0,4,5.0,5.0,4,0.0620999999999999,0.1379,1,4,True,0.19999999999999996
train_all_batches,gemma4_26b_grounded_nonnull_train_batch002_fullnews_bounded_ensemble5_20260629__kalshi_train_0414__mixed_blind__neutral_forecaster__s00,Politics,up,medium,5,True,True,True,4.0,4.0,2,4.0,4.0,1,0.0108999999999999,0.0108999999999999,2,5,True,0.010899999999999965
train_all_batches,gemma4_26b_grounded_nonnull_train_batch002_fullnews_bounded_ensemble5_20260629__kalshi_train_1168__mixed_blind__neutral_forecaster__s00,Politics,up,medium,2,True,True,True,1.0,1.0,2,1.0,1.0,2,0.0,0.0,2,2,False,0.0
train_all_batches,gemma4_26b_grounded_nonnull_train_batch002_fullnews_bounded_ensemble5_20260629__kalshi_train_2249__mixed_blind__neutral_forecaster__s00,Politics,down,medium,5,True,True,True,1.0,1.0,5,1.0,1.0,5,0.1,0.1,1,5,True,0.10000000000000003
train_all_batches,gemma4_26b_grounded_nonnull_train_batch002_fullnews_bounded_ensemble5_20260629__kalshi_train_2050__mixed_blind__neutral_forecaster__s00,Economics,down,medium,5,False,False,False,0.0,1.0,4,0.0,1.0,4,0.0,0.0038,1,5,False,0.0038000000000000256
train_all_batches,gemma4_26b_grounded_nonnull_train_batch002_fullnews_bounded_ensemble5_20260629__kalshi_train_1057__mixed_blind__neutral_forecaster__s00,Politics,up,medium,5,True,True,True,1.0,1.0,3,1.0,1.0,3,0.01,0.01,3,5,True,0.020000000000000018
train_all_batches,gemma4_26b_grounded_nonnull_train_batch002_fullnews_bounded_ensemble5_20260629__kalshi_train_1217__mixed_blind__neutral_forecaster__s00,Politics,down,medium,3,True,True,False,1.0,1.0,3,1.0,1.0,3,0.0112,0.0912,1,3,False,0.07999999999999996
train_all_batches,gemma4_26b_grounded_nonnull_train_batch002_fullnews_bounded_ensemble5_20260629__kalshi_train_1294__mixed_blind__neutral_forecaster__s00,Politics,up,medium,4,True,True,True,5.0,5.0,4,5.0,5.0,4,0.0027,0.0027,1,4,True,0.0050000000000000044
train_all_batches,gemma4_26b_grounded_nonnull_train_batch002_fullnews_bounded_ensemble5_20260629__kalshi_train_0004__mixed_blind__neutral_forecaster__s00,Politics,down,medium,5,True,True,True,1.0,1.0,5,1.0,1.0,5,0.0773,0.0773,1,5,True,0.08000000000000007
train_all_batches,gemma4_26b_grounded_nonnull_train_batch002_fullnews_bounded_ensemble5_20260629__kalshi_train_1755__mixed_blind__neutral_forecaster__s00,Companies,up,medium,5,True,True,True,0.0,0.0,5,0.0,0.0,5,0.0,0.0,5,5,False,0.0
train_all_batches,gemma4_26b_grounded_nonnull_train_batch002_fullnews_bounded_ensemble5_20260629__kalshi_train_1489__mixed_blind__neutral_forecaster__s00,Politics,down,medium,5,True,True,True,2.0,2.0,1,2.0,2.0,1,0.1362,0.1362,2,5,True,0.1362
train_all_batches,gemma4_26b_grounded_nonnull_train_batch002_fullnews_bounded_ensemble5_20260629__kalshi_train_0171__mixed_blind__neutral_forecaster__s00,Politics,down,medium,5,True,True,False,0.0,0.0,5,0.0,0.0,5,0.0,0.02,1,5,False,0.020000000000000018
train_all_batches,gemma4_26b_grounded_nonnull_train_batch002_fullnews_bounded_ensemble5_20260629__kalshi_train_1954__mixed_blind__neutral_forecaster__s00,Politics,down,medium,4,True,True,False,1.0,1.0,4,1.0,1.0,4,0.0023999999999999,0.0064,1,4,False,0.0040000000000000036
train_all_batches,gemma4_26b_grounded_nonnull_train_batch002_fullnews_bounded_ensemble5_20260629__kalshi_train_1810__mixed_blind__neutral_forecaster__s00,Politics,up,medium,5,True,True,True,1.0,1.0,5,1.0,1.0,5,0.0499999999999999,0.0499999999999999,3,5,True,0.09999999999999998
train_all_batches,gemma4_26b_grounded_nonnull_train_batch002_fullnews_bounded_ensemble5_20260629__kalshi_train_0830__mixed_blind__neutral_forecaster__s00,Companies,up,medium,4,True,True,False,1.0,1.0,3,1.0,1.0,2,0.0073,0.0126999999999999,1,4,True,0.020000000000000018
train_all_batches,gemma4_26b_grounded_nonnull_train_batch002_fullnews_bounded_ensemble5_20260629__kalshi_train_2430__mixed_blind__neutral_forecaster__s00,Companies,down,medium,5,True,True,False,3.0,3.0,5,3.0,3.0,4,0.0199999999999999,0.03,1,5,True,0.04999999999999999
train_all_batches,gemma4_26b_grounded_nonnull_train_batch002_fullnews_bounded_ensemble5_20260629__kalshi_train_1115__mixed_blind__neutral_forecaster__s00,Economics,down,medium,5,False,False,False,0.0,1.0,3,0.0,1.0,3,0.0,0.0827999999999999,1,5,False,0.08279999999999998
train_all_batches,gemma4_26b_grounded_nonnull_train_batch002_fullnews_bounded_ensemble5_20260629__kalshi_train_1376__mixed_blind__neutral_forecaster__s00,Economics,down,medium,5,True,True,True,2.0,2.0,1,2.0,2.0,1,0.07,0.07,1,5,True,0.08999999999999997
train_all_batches,gemma4_26b_grounded_nonnull_train_batch002_fullnews_bounded_ensemble5_20260629__kalshi_train_1629__mixed_blind__neutral_forecaster__s00,Companies,down,medium,5,True,True,False,5.0,5.0,5,5.0,5.0,5,0.0027,0.0032999999999999,1,5,True,0.006000000000000005
train_all_batches,gemma4_26b_grounded_nonnull_train_batch002_fullnews_bounded_ensemble5_20260629__kalshi_train_0170__mixed_blind__neutral_forecaster__s00,Politics,up,medium,5,False,False,True,0.0,1.0,1,0.0,1.0,1,0.0,0.0,5,5,False,0.0
train_all_batches,gemma4_26b_grounded_nonnull_train_batch002_fullnews_bounded_ensemble5_20260629__kalshi_train_0775__mixed_blind__neutral_forecaster__s00,Politics,down,medium,5,True,True,False,2.0,2.0,5,2.0,2.0,5,0.0053999999999999,0.0146,2,5,True,0.01999999999999999
train_all_batches,gemma4_26b_grounded_nonnull_train_batch002_fullnews_bounded_ensemble5_20260629__kalshi_train_2636__mixed_blind__neutral_forecaster__s00,Economics,down,medium,5,False,False,False,0.0,2.0,3,0.0,2.0,3,0.0,0.1457999999999999,1,5,False,0.14579999999999999
train_all_batches,gemma4_26b_grounded_nonnull_train_batch002_fullnews_bounded_ensemble5_20260629__kalshi_train_0220__mixed_blind__neutral_forecaster__s00,Politics,down,medium,2,True,True,True,3.0,3.0,2,0.0,0.0,2,0.0,0.0,2,2,False,0.0
train_all_batches,gemma4_26b_grounded_nonnull_train_batch002_fullnews_bounded_ensemble5_20260629__kalshi_train_0418__mixed_blind__neutral_forecaster__s00,Politics,up,medium,5,True,True,True,4.0,4.0,1,4.0,4.0,1,0.0554,0.0554,1,5,True,0.09000000000000002
train_all_batches,gemma4_26b_grounded_nonnull_train_batch002_fullnews_bounded_ensemble5_20260629__kalshi_train_1908__mixed_blind__neutral_forecaster__s00,Politics,down,medium,4,False,False,False,2.0,5.0,1,2.0,5.0,1,0.1,0.2499999999999999,1,4,True,0.35
train_all_batches,gemma4_26b_grounded_nonnull_train_batch002_fullnews_bounded_ensemble5_20260629__kalshi_train_2034__mixed_blind__neutral_forecaster__s00,Politics,down,medium,1,True,True,True,3.0,3.0,1,3.0,3.0,1,0.0799,0.0799,1,1,False,0.0
train_all_batches,gemma4_26b_grounded_nonnull_train_batch002_fullnews_bounded_ensemble5_20260629__kalshi_train_0003__mixed_blind__neutral_forecaster__s00,Politics,up,medium,5,True,True,True,1.0,1.0,5,1.0,1.0,5,0.0,0.0,5,5,False,0.0
train_all_batches,gemma4_26b_grounded_nonnull_train_batch002_fullnews_bounded_ensemble5_20260629__kalshi_train_2668__mixed_blind__neutral_forecaster__s00,Economics,down,medium,5,True,True,False,1.0,1.0,5,1.0,1.0,5,0.0,0.1205,1,5,False,0.1205
train_all_batches,gemma4_26b_grounded_nonnull_train_batch002_fullnews_bounded_ensemble5_20260629__kalshi_train_1809__mixed_blind__neutral_forecaster__s00,Politics,up,medium,5,True,True,True,3.0,3.0,5,3.0,3.0,5,0.06,0.06,2,5,True,0.030000000000000027
train_all_batches,gemma4_26b_grounded_nonnull_train_batch002_fullnews_bounded_ensemble5_20260629__kalshi_train_1922__mixed_blind__neutral_forecaster__s00,Politics,up,medium,5,True,True,True,2.0,2.0,1,2.0,2.0,1,0.0699999999999999,0.0699999999999999,1,5,True,0.07999999999999996
train_all_batches,gemma4_26b_grounded_nonnull_train_batch002_fullnews_bounded_ensemble5_20260629__kalshi_train_1923__mixed_blind__neutral_forecaster__s00,Politics,down,medium,5,True,True,False,1.0,1.0,5,1.0,1.0,5,0.0764,0.1064,1,5,True,0.19999999999999996
train_all_batches,gemma4_26b_grounded_nonnull_train_batch002_fullnews_bounded_ensemble5_20260629__kalshi_train_1297__mixed_blind__neutral_forecaster__s00,Politics,down,medium,5,True,True,False,2.0,2.0,2,2.0,2.0,2,0.0211999999999999,0.0487999999999999,1,5,True,0.06999999999999999
train_all_batches,gemma4_26b_grounded_nonnull_train_batch002_fullnews_bounded_ensemble5_20260629__kalshi_train_0419__mixed_blind__neutral_forecaster__s00,Politics,up,medium,5,False,False,True,1.0,2.0,1,1.0,2.0,1,0.0394999999999999,0.0394999999999999,1,5,True,0.06
train_all_batches,gemma4_26b_grounded_nonnull_train_batch002_fullnews_bounded_ensemble5_20260629__kalshi_train_2036__mixed_blind__neutral_forecaster__s00,Politics,down,medium,5,True,False,False,5.0,5.0,5,0.0,5.0,3,0.0,0.02,1,5,False,0.020000000000000018
train_all_batches,gemma4_26b_grounded_nonnull_train_batch002_fullnews_bounded_ensemble5_20260629__kalshi_train_1490__mixed_blind__neutral_forecaster__s00,Politics,up,medium,5,True,True,True,1.0,1.0,2,0.0,0.0,5,0.0,0.0,5,5,False,0.0
train_all_batches,gemma4_26b_grounded_nonnull_train_batch002_fullnews_bounded_ensemble5_20260629__kalshi_train_1808__mixed_blind__neutral_forecaster__s00,Politics,down,medium,5,False,False,False,0.0,2.0,4,0.0,2.0,4,0.0,0.029,1,5,False,0.029000000000000026
train_all_batches,gemma4_26b_grounded_nonnull_train_batch002_fullnews_bounded_ensemble5_20260629__kalshi_train_0044__mixed_blind__neutral_forecaster__s00,Politics,up,medium,3,True,True,True,2.0,2.0,1,2.0,2.0,1,0.0237,0.0237,1,3,True,0.03999999999999998
train_all_batches,gemma4_26b_grounded_nonnull_train_batch002_fullnews_bounded_ensemble5_20260629__kalshi_train_0829__mixed_blind__neutral_forecaster__s00,Companies,up,medium,5,False,False,True,3.0,5.0,1,3.0,5.0,1,0.0075,0.0075,1,5,True,0.014000000000000012
train_all_batches,gemma4_26b_grounded_nonnull_train_batch002_fullnews_bounded_ensemble5_20260629__kalshi_train_1218__mixed_blind__neutral_forecaster__s00,Politics,down,medium,5,True,True,False,2.0,2.0,5,2.0,2.0,5,0.0357,0.0857,1,5,False,0.04999999999999993
train_all_batches,gemma4_26b_grounded_nonnull_train_batch002_fullnews_bounded_ensemble5_20260629__kalshi_train_2592__mixed_blind__neutral_forecaster__s00,Elections,down,medium,5,True,True,False,3.0,3.0,1,3.0,3.0,1,0.02,0.03,1,5,True,0.050000000000000044
train_all_batches,gemma4_26b_grounded_nonnull_train_batch002_fullnews_bounded_ensemble5_20260629__kalshi_train_2593__mixed_blind__neutral_forecaster__s00,Elections,up,medium,5,True,True,True,0.0,0.0,5,0.0,0.0,5,0.0,0.0,5,5,False,0.0
train_all_batches,gemma4_26b_grounded_nonnull_train_batch002_fullnews_bounded_ensemble5_20260629__kalshi_train_2669__mixed_blind__neutral_forecaster__s00,Economics,up,medium,5,True,True,True,2.0,2.0,1,2.0,2.0,1,0.0055,0.0055,1,5,True,0.005500000000000005
train_all_batches,gemma4_26b_grounded_nonnull_train_batch002_fullnews_bounded_ensemble5_20260629__kalshi_train_2052__mixed_blind__neutral_forecaster__s00,Economics,down,medium,5,False,False,False,0.0,1.0,4,0.0,1.0,4,0.0,0.0020999999999999,1,5,False,0.0020999999999999908
train_all_batches,gemma4_26b_grounded_nonnull_train_batch003_fullnews_bounded_ensemble5_20260629__kalshi_train_0134__mixed_blind__neutral_forecaster__s00,Politics,down,medium,3,False,False,True,0.0,1.0,2,0.0,1.0,2,0.1404999999999999,0.1404999999999999,1,3,True,0.24999999999999997
train_all_batches,gemma4_26b_grounded_nonnull_train_batch003_fullnews_bounded_ensemble5_20260629__kalshi_train_2653__mixed_blind__neutral_forecaster__s00,Economics,down,medium,5,False,False,False,0.0,1.0,4,0.0,1.0,4,0.0,0.0468,1,5,False,0.04680000000000001
train_all_batches,gemma4_26b_grounded_nonnull_train_batch003_fullnews_bounded_ensemble5_20260629__kalshi_train_0933__mixed_blind__neutral_forecaster__s00,Elections,up,medium,5,True,True,False,3.0,3.0,5,3.0,3.0,5,0.06,0.12,1,5,False,0.05999999999999994
train_all_batches,gemma4_26b_grounded_nonnull_train_batch003_fullnews_bounded_ensemble5_20260629__kalshi_train_0934__mixed_blind__neutral_forecaster__s00,Elections,down,medium,5,True,True,True,0.0,0.0,5,0.0,0.0,5,0.0,0.0,5,5,False,0.0
train_all_batches,gemma4_26b_grounded_nonnull_train_batch003_fullnews_bounded_ensemble5_20260629__kalshi_train_1111__mixed_blind__neutral_forecaster__s00,Economics,down,medium,5,False,False,True,1.0,2.0,2,1.0,2.0,2,0.013,0.013,1,5,True,0.013000000000000012
train_all_batches,gemma4_26b_grounded_nonnull_train_batch003_fullnews_bounded_ensemble5_20260629__kalshi_train_1916__mixed_blind__neutral_forecaster__s00,Politics,up,medium,5,True,True,True,2.0,2.0,5,2.0,2.0,5,0.0,0.0,5,5,False,0.0
train_all_batches,gemma4_26b_grounded_nonnull_train_batch003_fullnews_bounded_ensemble5_20260629__kalshi_train_0314__mixed_blind__neutral_forecaster__s00,Companies,up,medium,5,True,True,True,2.0,2.0,2,2.0,2.0,2,0.0487,0.0487,1,5,True,0.05000000000000002
train_all_batches,gemma4_26b_grounded_nonnull_train_batch003_fullnews_bounded_ensemble5_20260629__kalshi_train_1475__mixed_blind__neutral_forecaster__s00,Politics,down,medium,5,True,True,True,0.0,0.0,5,0.0,0.0,5,0.0,0.0,5,5,False,0.0
train_all_batches,gemma4_26b_grounded_nonnull_train_batch003_fullnews_bounded_ensemble5_20260629__kalshi_train_1625__mixed_blind__neutral_forecaster__s00,Companies,down,medium,5,True,True,True,2.0,2.0,2,2.0,2.0,2,0.0043,0.0043,5,5,False,0.0
train_all_batches,gemma4_26b_grounded_nonnull_train_batch003_fullnews_bounded_ensemble5_20260629__kalshi_train_1910__mixed_blind__neutral_forecaster__s00,Politics,up,medium,5,False,False,True,1.0,2.0,1,1.0,2.0,1,0.0359,0.0359,1,5,True,0.0359
train_all_batches,gemma4_26b_grounded_nonnull_train_batch003_fullnews_bounded_ensemble5_20260629__kalshi_train_1113__mixed_blind__neutral_forecaster__s00,Economics,down,medium,5,True,True,True,0.0,0.0,5,0.0,0.0,5,0.0,0.0,5,5,False,0.0
train_all_batches,gemma4_26b_grounded_nonnull_train_batch003_fullnews_bounded_ensemble5_20260629__kalshi_train_2644__mixed_blind__neutral_forecaster__s00,Economics,up,medium,5,True,True,True,1.0,1.0,4,1.0,1.0,4,0.0663999999999999,0.0663999999999999,1,5,True,0.06639999999999999
train_all_batches,gemma4_26b_grounded_nonnull_train_batch003_fullnews_bounded_ensemble5_20260629__kalshi_train_2638__mixed_blind__neutral_forecaster__s00,Economics,down,medium,3,True,True,True,1.0,1.0,3,1.0,1.0,3,0.0264,0.0264,1,3,True,0.04000000000000001
train_all_batches,gemma4_26b_grounded_nonnull_train_batch003_fullnews_bounded_ensemble5_20260629__kalshi_train_2051__mixed_blind__neutral_forecaster__s00,Economics,down,medium,5,False,False,False,0.0,1.0,4,0.0,1.0,4,0.0,0.075,1,5,False,0.07500000000000001
train_all_batches,gemma4_26b_grounded_nonnull_train_batch003_fullnews_bounded_ensemble5_20260629__kalshi_train_2038__mixed_blind__neutral_forecaster__s00,Politics,down,medium,5,True,True,False,4.0,4.0,5,4.0,4.0,5,0.0466,0.2466,1,5,False,0.2
train_all_batches,gemma4_26b_grounded_nonnull_train_batch003_fullnews_bounded_ensemble5_20260629__kalshi_train_2039__mixed_blind__neutral_forecaster__s00,Politics,down,medium,5,True,False,False,5.0,5.0,5,0.0,5.0,4,0.0,0.0112,1,5,False,0.011200000000000015
train_all_batches,gemma4_26b_grounded_nonnull_train_batch003_fullnews_bounded_ensemble5_20260629__kalshi_train_2046__mixed_blind__neutral_forecaster__s00,Economics,up,medium,4,True,True,True,2.0,2.0,4,2.0,2.0,4,0.0499999999999999,0.0499999999999999,1,4,True,0.040000000000000036
train_all_batches,gemma4_26b_grounded_nonnull_train_batch003_fullnews_bounded_ensemble5_20260629__kalshi_train_0897__mixed_blind__neutral_forecaster__s00,Politics,down,medium,4,False,False,False,0.0,2.0,2,0.0,2.0,2,0.0,0.0162,1,4,False,0.016200000000000006
train_all_batches,gemma4_26b_grounded_nonnull_train_batch003_fullnews_bounded_ensemble5_20260629__kalshi_train_2594__mixed_blind__neutral_forecaster__s00,Elections,up,medium,5,True,True,True,1.0,1.0,4,1.0,1.0,4,0.0,0.0,5,5,False,0.0
train_all_batches,gemma4_26b_grounded_nonnull_train_batch003_fullnews_bounded_ensemble5_20260629__kalshi_train_0950__mixed_blind__neutral_forecaster__s00,Economics,up,medium,2,True,True,True,2.0,2.0,2,2.0,2.0,2,0.0569999999999999,0.0569999999999999,1,2,True,0.025000000000000022
train_all_batches,gemma4_26b_grounded_nonnull_train_batch003_fullnews_bounded_ensemble5_20260629__kalshi_train_0953__mixed_blind__neutral_forecaster__s00,Economics,up,medium,5,True,True,True,1.0,1.0,5,0.0,0.0,5,0.0,0.0,5,5,False,0.0
train_all_batches,gemma4_26b_grounded_nonnull_train_batch003_fullnews_bounded_ensemble5_20260629__kalshi_train_1819__mixed_blind__neutral_forecaster__s00,Politics,up,medium,5,True,True,True,3.0,3.0,4,3.0,3.0,4,0.0355,0.0355,1,5,True,0.01999999999999999
train_all_batches,gemma4_26b_grounded_nonnull_train_batch003_fullnews_bounded_ensemble5_20260629__kalshi_train_1491__mixed_blind__neutral_forecaster__s00,Politics,down,medium,3,False,False,True,1.0,2.0,2,1.0,2.0,2,0.03,0.03,2,3,True,0.06
train_all_batches,gemma4_26b_grounded_nonnull_train_batch003_fullnews_bounded_ensemble5_20260629__kalshi_train_2037__mixed_blind__neutral_forecaster__s00,Politics,up,medium,4,True,True,True,3.0,3.0,3,3.0,3.0,3,0.0548999999999999,0.0548999999999999,1,4,True,0.045
train_all_batches,gemma4_26b_grounded_nonnull_train_batch003_fullnews_bounded_ensemble5_20260629__kalshi_train_1710__mixed_blind__neutral_forecaster__s00,Politics,up,medium,4,True,True,True,0.0,0.0,4,0.0,0.0,4,0.0,0.0,4,4,False,0.0
train_all_batches,gemma4_26b_grounded_nonnull_train_batch003_fullnews_bounded_ensemble5_20260629__kalshi_train_1712__mixed_blind__neutral_forecaster__s00,Politics,down,medium,1,True,True,True,1.0,1.0,1,1.0,1.0,1,0.0,0.0,1,1,False,0.0
train_all_batches,gemma4_26b_grounded_nonnull_train_batch003_fullnews_bounded_ensemble5_20260629__kalshi_train_1807__mixed_blind__neutral_forecaster__s00,Politics,up,medium,4,False,False,True,2.0,5.0,1,2.0,5.0,1,0.0119999999999999,0.0119999999999999,1,4,True,0.011999999999999955
train_all_batches,gemma4_26b_grounded_nonnull_train_batch003_fullnews_bounded_ensemble5_20260629__kalshi_train_0902__mixed_blind__neutral_forecaster__s00,Politics,down,medium,5,True,True,False,1.0,1.0,5,1.0,1.0,5,0.0075999999999999,0.0624,1,5,True,0.06999999999999999
train_all_batches,gemma4_26b_grounded_nonnull_train_batch003_fullnews_bounded_ensemble5_20260629__kalshi_train_0744__mixed_blind__neutral_forecaster__s00,Politics,down,medium,5,True,False,True,1.0,1.0,4,1.0,2.0,1,0.0274999999999999,0.0274999999999999,1,5,True,0.027499999999999997
train_all_batches,gemma4_26b_grounded_nonnull_train_batch003_fullnews_bounded_ensemble5_20260629__kalshi_train_1495__mixed_blind__neutral_forecaster__s00,Economics,down,medium,4,True,True,False,1.0,1.0,3,1.0,1.0,3,0.0495,0.0504999999999999,1,4,True,0.09999999999999999
train_all_batches,gemma4_26b_grounded_nonnull_train_batch003_fullnews_bounded_ensemble5_20260629__kalshi_train_1793__mixed_blind__neutral_forecaster__s00,Politics,down,medium,5,True,True,True,3.0,3.0,1,3.0,3.0,1,0.0167999999999999,0.0167999999999999,4,5,True,0.016799999999999995
train_all_batches,gemma4_26b_grounded_nonnull_train_batch003_fullnews_bounded_ensemble5_20260629__kalshi_train_2742__mixed_blind__neutral_forecaster__s00,Politics,down,medium,5,True,True,True,2.0,2.0,5,2.0,2.0,5,0.29,0.29,5,5,False,0.0
train_all_batches,gemma4_26b_grounded_nonnull_train_batch003_fullnews_bounded_ensemble5_20260629__kalshi_train_2743__mixed_blind__neutral_forecaster__s00,Politics,up,medium,2,True,True,True,1.0,1.0,2,1.0,1.0,2,0.0319,0.0319,1,2,True,0.01999999999999999
train_all_batches,gemma4_26b_grounded_nonnull_train_batch003_fullnews_bounded_ensemble5_20260629__kalshi_train_2048__mixed_blind__neutral_forecaster__s00,Economics,up,medium,5,True,True,True,2.0,2.0,3,2.0,2.0,3,0.01,0.01,1,5,True,0.012499999999999956
train_all_batches,gemma4_26b_grounded_nonnull_train_batch003_fullnews_bounded_ensemble5_20260629__kalshi_train_0222__mixed_blind__neutral_forecaster__s00,Politics,down,medium,5,True,True,False,5.0,5.0,5,5.0,5.0,5,0.0039999999999999,0.0109999999999999,1,5,False,0.007000000000000006
train_all_batches,gemma4_26b_grounded_nonnull_train_batch003_fullnews_bounded_ensemble5_20260629__kalshi_train_0831__mixed_blind__neutral_forecaster__s00,Companies,down,medium,5,True,True,True,0.0,0.0,5,0.0,0.0,5,0.0,0.0,5,5,False,0.0
train_all_batches,gemma4_26b_grounded_nonnull_train_batch003_fullnews_bounded_ensemble5_20260629__kalshi_train_1802__mixed_blind__neutral_forecaster__s00,Politics,up,medium,5,False,False,True,1.0,2.0,1,1.0,2.0,1,0.03,0.03,1,5,True,0.039999999999999994
train_all_batches,gemma4_26b_grounded_nonnull_train_batch003_fullnews_bounded_ensemble5_20260629__kalshi_train_0045__mixed_blind__neutral_forecaster__s00,Politics,up,medium,5,True,True,True,1.0,1.0,5,1.0,1.0,5,0.0163999999999999,0.0163999999999999,5,5,False,0.0
train_all_batches,gemma4_26b_grounded_nonnull_train_batch003_fullnews_bounded_ensemble5_20260629__kalshi_train_1784__mixed_blind__neutral_forecaster__s00,Politics,down,medium,5,True,True,True,0.0,0.0,5,0.0,0.0,5,0.0,0.0,5,5,False,0.0
train_all_batches,gemma4_26b_grounded_nonnull_train_batch003_fullnews_bounded_ensemble5_20260629__kalshi_train_2591__mixed_blind__neutral_forecaster__s00,Elections,up,medium,5,True,True,True,2.0,2.0,5,2.0,2.0,4,0.02,0.02,1,5,True,0.030000000000000027
train_all_batches,gemma4_26b_grounded_nonnull_train_batch003_fullnews_bounded_ensemble5_20260629__kalshi_train_0181__mixed_blind__neutral_forecaster__s00,Politics,down,medium,5,True,True,True,1.0,1.0,4,1.0,1.0,4,0.0,0.0,5,5,False,0.0
train_all_batches,gemma4_26b_grounded_nonnull_train_batch003_fullnews_bounded_ensemble5_20260629__kalshi_train_1760__mixed_blind__neutral_forecaster__s00,Politics,down,medium,5,False,False,False,0.0,3.0,1,0.0,3.0,1,0.0,0.064,1,5,False,0.064
train_all_batches,gemma4_26b_grounded_nonnull_train_batch003_fullnews_bounded_ensemble5_20260629__kalshi_train_1803__mixed_blind__neutral_forecaster__s00,Politics,down,medium,5,False,False,False,0.0,2.0,1,0.0,2.0,1,0.0,0.03,1,5,False,0.03
train_all_batches,gemma4_26b_grounded_nonnull_train_batch003_fullnews_bounded_ensemble5_20260629__kalshi_train_0422__mixed_blind__neutral_forecaster__s00,Politics,down,medium,3,False,False,False,1.0,2.0,1,1.0,2.0,1,0.0121999999999999,0.0302,1,3,False,0.018000000000000016
train_all_batches,gemma4_26b_grounded_nonnull_train_batch003_fullnews_bounded_ensemble5_20260629__kalshi_train_0624__mixed_blind__neutral_forecaster__s00,Elections,up,medium,5,True,True,True,2.0,2.0,5,2.0,2.0,5,0.0042,0.0042,1,5,True,0.0030000000000000027
train_all_batches,gemma4_26b_grounded_nonnull_train_batch003_fullnews_bounded_ensemble5_20260629__kalshi_train_1221__mixed_blind__neutral_forecaster__s00,Politics,down,medium,4,True,True,False,5.0,5.0,4,5.0,5.0,4,0.013,0.0169999999999999,1,4,True,0.029999999999999916
train_all_batches,gemma4_26b_grounded_nonnull_train_batch003_fullnews_bounded_ensemble5_20260629__kalshi_train_0005__mixed_blind__neutral_forecaster__s00,Politics,down,medium,5,True,True,False,1.0,1.0,5,1.0,1.0,2,0.0034999999999999,0.0035,1,5,True,0.007000000000000006
train_all_batches,gemma4_26b_grounded_nonnull_train_batch003_fullnews_bounded_ensemble5_20260629__kalshi_train_2045__mixed_blind__neutral_forecaster__s00,Economics,up,medium,4,True,True,True,5.0,5.0,3,5.0,5.0,3,0.04,0.04,1,4,True,0.060000000000000026
train_all_batches,gemma4_26b_grounded_nonnull_train_batch003_fullnews_bounded_ensemble5_20260629__kalshi_train_0979__mixed_blind__neutral_forecaster__s00,Politics,down,medium,5,True,True,True,5.0,5.0,1,0.0,0.0,5,0.0,0.0,5,5,False,0.0
train_all_batches,gemma4_26b_grounded_nonnull_train_batch003_fullnews_bounded_ensemble5_20260629__kalshi_train_1711__mixed_blind__neutral_forecaster__s00,Politics,up,medium,5,True,True,False,1.0,1.0,4,1.0,1.0,4,0.0212999999999999,0.0587,1,5,True,0.08000000000000007
train_all_batches,gemma4_26b_grounded_nonnull_train_batch003_fullnews_bounded_ensemble5_20260629__kalshi_train_2350__mixed_blind__neutral_forecaster__s00,Politics,up,medium,5,True,True,True,1.0,1.0,5,1.0,1.0,5,0.02,0.02,1,5,True,0.020000000000000018
train_all_batches,gemma4_26b_grounded_nonnull_train_batch003_fullnews_bounded_ensemble5_20260629__kalshi_train_1373__mixed_blind__neutral_forecaster__s00,Economics,up,medium,5,True,True,True,1.0,1.0,5,1.0,1.0,5,0.037,0.037,5,5,True,0.0
train_all_batches,gemma4_26b_grounded_nonnull_train_batch003_fullnews_bounded_ensemble5_20260629__kalshi_train_1374__mixed_blind__neutral_forecaster__s00,Economics,up,medium,5,True,True,True,1.0,1.0,5,1.0,1.0,5,0.0275,0.0275,1,5,True,0.025000000000000022
train_all_batches,gemma4_26b_grounded_nonnull_train_batch003_fullnews_bounded_ensemble5_20260629__kalshi_train_2635__mixed_blind__neutral_forecaster__s00,Economics,down,medium,5,False,False,False,0.0,1.0,4,0.0,1.0,4,0.0,0.0441,1,5,False,0.04410000000000003
train_all_batches,gemma4_26b_grounded_nonnull_train_batch003_fullnews_bounded_ensemble5_20260629__kalshi_train_1714__mixed_blind__neutral_forecaster__s00,Politics,down,medium,5,False,False,False,0.0,1.0,4,0.0,1.0,4,0.0,0.0163999999999999,1,5,False,0.01639999999999997
train_all_batches,gemma4_26b_grounded_nonnull_train_batch003_fullnews_bounded_ensemble5_20260629__kalshi_train_1004__mixed_blind__neutral_forecaster__s00,Economics,up,medium,5,True,True,True,1.0,1.0,5,1.0,1.0,4,0.01,0.01,1,5,True,0.01200000000000001
train_all_batches,gemma4_26b_grounded_nonnull_train_batch003_fullnews_bounded_ensemble5_20260629__kalshi_train_2706__mixed_blind__neutral_forecaster__s00,Politics,down,medium,5,True,True,True,1.0,1.0,1,1.0,1.0,1,0.0,0.0,5,5,False,0.0
train_all_batches,gemma4_26b_grounded_nonnull_train_batch003_fullnews_bounded_ensemble5_20260629__kalshi_train_0828__mixed_blind__neutral_forecaster__s00,Companies,down,medium,5,False,False,False,0.0,1.0,4,0.0,1.0,3,0.0,0.01,3,5,False,0.010000000000000009
train_all_batches,gemma4_26b_grounded_nonnull_train_batch003_fullnews_bounded_ensemble5_20260629__kalshi_train_0935__mixed_blind__neutral_forecaster__s00,Elections,up,medium,3,False,False,False,1.0,2.0,2,1.0,2.0,2,0.0499999999999999,0.0799999999999999,1,3,True,0.05999999999999994
train_all_batches,gemma4_26b_grounded_nonnull_train_batch003_fullnews_bounded_ensemble5_20260629__kalshi_train_2032__mixed_blind__neutral_forecaster__s00,Politics,up,medium,2,True,True,True,0.0,0.0,2,0.0,0.0,2,0.0,0.0,2,2,False,0.0
train_all_batches,gemma4_26b_grounded_nonnull_train_batch003_fullnews_bounded_ensemble5_20260629__kalshi_train_0581__mixed_blind__neutral_forecaster__s00,Politics,up,medium,5,True,True,True,0.0,0.0,5,0.0,0.0,5,0.0,0.0,5,5,False,0.0
train_all_batches,gemma4_26b_grounded_nonnull_train_batch003_fullnews_bounded_ensemble5_20260629__kalshi_train_2421__mixed_blind__neutral_forecaster__s00,Companies,down,medium,5,True,True,False,3.0,3.0,4,3.0,3.0,4,0.06,0.075,1,5,True,0.075
train_all_batches,gemma4_26b_grounded_nonnull_train_batch003_fullnews_bounded_ensemble5_20260629__kalshi_train_0421__mixed_blind__neutral_forecaster__s00,Politics,down,medium,4,True,True,True,0.0,0.0,4,0.0,0.0,4,0.0,0.0,4,4,False,0.0
train_all_batches,gemma4_26b_grounded_nonnull_train_batch003_fullnews_bounded_ensemble5_20260629__kalshi_train_0483__mixed_blind__neutral_forecaster__s00,Politics,down,medium,5,False,False,False,0.0,4.0,1,0.0,4.0,1,0.0,0.0367,1,5,False,0.03670000000000001
train_all_batches,gemma4_26b_grounded_nonnull_train_batch003_fullnews_bounded_ensemble5_20260629__kalshi_train_0490__mixed_blind__neutral_forecaster__s00,Politics,up,medium,4,False,False,True,0.0,1.0,3,0.0,1.0,3,0.0048,0.0048,1,4,True,0.007000000000000006
train_all_batches,gemma4_26b_grounded_nonnull_train_batch003_fullnews_bounded_ensemble5_20260629__kalshi_train_2745__mixed_blind__neutral_forecaster__s00,Politics,down,medium,5,True,True,False,1.0,1.0,3,1.0,1.0,3,0.09,0.11,1,5,True,0.14
train_all_batches,gemma4_26b_grounded_nonnull_train_batch003_fullnews_bounded_ensemble5_20260629__kalshi_train_1806__mixed_blind__neutral_forecaster__s00,Politics,down,medium,4,True,True,True,3.0,3.0,4,3.0,3.0,4,0.0537,0.0537,1,4,True,0.10000000000000003
train_all_batches,gemma4_26b_grounded_nonnull_train_batch003_fullnews_bounded_ensemble5_20260629__kalshi_train_1797__mixed_blind__neutral_forecaster__s00,Politics,down,medium,5,True,True,False,1.0,1.0,5,1.0,1.0,5,0.0,0.07,1,5,False,0.07
train_all_batches,gemma4_26b_grounded_nonnull_train_batch003_fullnews_bounded_ensemble5_20260629__kalshi_train_1917__mixed_blind__neutral_forecaster__s00,Politics,up,medium,5,True,True,True,2.0,2.0,1,2.0,2.0,1,0.0199999999999999,0.0199999999999999,1,5,True,0.019999999999999962
train_all_batches,gemma4_26b_grounded_nonnull_train_batch003_fullnews_bounded_ensemble5_20260629__kalshi_train_0043__mixed_blind__neutral_forecaster__s00,Politics,down,medium,5,False,False,False,0.0,1.0,3,0.0,1.0,3,0.0,0.1106,1,5,False,0.11060000000000003
train_all_batches,gemma4_26b_grounded_nonnull_train_batch003_fullnews_bounded_ensemble5_20260629__kalshi_train_2667__mixed_blind__neutral_forecaster__s00,Economics,down,medium,3,True,True,True,1.0,1.0,3,1.0,1.0,3,0.0476,0.0476,1,3,True,0.03
train_all_batches,gemma4_26b_grounded_nonnull_train_batch003_fullnews_bounded_ensemble5_20260629__kalshi_train_2175__mixed_blind__neutral_forecaster__s00,Politics,down,medium,5,True,False,False,2.0,2.0,5,0.0,2.0,4,0.0,0.0317999999999999,1,5,False,0.031799999999999995
train_all_batches,gemma4_26b_grounded_nonnull_train_batch003_fullnews_bounded_ensemble5_20260629__kalshi_train_1375__mixed_blind__neutral_forecaster__s00,Economics,up,medium,5,True,True,False,1.0,1.0,4,1.0,1.0,4,0.0246999999999999,0.0353,1,5,True,0.05999999999999994
train_all_batches,gemma4_26b_grounded_nonnull_train_batch003_fullnews_bounded_ensemble5_20260629__kalshi_train_2033__mixed_blind__neutral_forecaster__s00,Politics,down,medium,5,True,True,True,1.0,1.0,5,0.0,0.0,5,0.0,0.0,5,5,False,0.0
train_all_batches,gemma4_26b_grounded_nonnull_train_batch003_fullnews_bounded_ensemble5_20260629__kalshi_train_0622__mixed_blind__neutral_forecaster__s00,Elections,up,medium,5,True,True,True,1.0,1.0,1,1.0,1.0,1,0.0,0.0,5,5,False,0.0
train_all_batches,gemma4_26b_grounded_nonnull_train_batch003_fullnews_bounded_ensemble5_20260629__kalshi_train_1911__mixed_blind__neutral_forecaster__s00,Politics,down,medium,4,False,False,True,1.0,2.0,1,1.0,2.0,1,0.0268,0.0268,1,4,True,0.015
train_all_batches,gemma4_26b_grounded_nonnull_train_batch003_fullnews_bounded_ensemble5_20260629__kalshi_train_2176__mixed_blind__neutral_forecaster__s00,Politics,down,medium,4,False,False,False,0.0,5.0,1,0.0,5.0,1,0.0,0.016,1,4,False,0.016
train_all_batches,gemma4_26b_grounded_nonnull_train_batch003_fullnews_bounded_ensemble5_20260629__kalshi_train_2049__mixed_blind__neutral_forecaster__s00,Economics,down,medium,5,True,True,True,1.0,1.0,4,1.0,1.0,4,0.02,0.02,4,5,True,0.040000000000000036
train_all_batches,gemma4_26b_grounded_nonnull_train_batch003_fullnews_bounded_ensemble5_20260629__kalshi_train_2647__mixed_blind__neutral_forecaster__s00,Economics,down,medium,4,True,True,True,1.0,1.0,4,0.0,0.0,4,0.0,0.0,4,4,False,0.0
train_all_batches,gemma4_26b_grounded_nonnull_train_batch003_fullnews_bounded_ensemble5_20260629__kalshi_train_0417__mixed_blind__neutral_forecaster__s00,Politics,up,medium,5,True,True,False,1.0,1.0,5,1.0,1.0,5,0.0149999999999999,0.015,1,5,True,0.02999999999999997
train_all_batches,gemma4_26b_grounded_nonnull_train_batch003_fullnews_bounded_ensemble5_20260629__kalshi_train_0042__mixed_blind__neutral_forecaster__s00,Politics,up,medium,5,True,True,True,0.0,0.0,5,0.0,0.0,5,0.0,0.0,5,5,False,0.0
train_all_batches,gemma4_26b_grounded_nonnull_train_batch003_fullnews_bounded_ensemble5_20260629__kalshi_train_1713__mixed_blind__neutral_forecaster__s00,Politics,up,medium,5,False,False,False,0.0,2.0,1,0.0,2.0,1,0.0,0.02,1,5,False,0.020000000000000018
train_all_batches,gemma4_26b_grounded_nonnull_train_batch003_fullnews_bounded_ensemble5_20260629__kalshi_train_2744__mixed_blind__neutral_forecaster__s00,Politics,down,medium,5,True,True,False,1.0,1.0,5,1.0,1.0,5,0.0065,0.0265,2,5,False,0.020000000000000018
train_all_batches,gemma4_26b_grounded_nonnull_train_batch003_fullnews_bounded_ensemble5_20260629__kalshi_train_0177__mixed_blind__neutral_forecaster__s00,Politics,down,medium,5,True,True,True,1.0,1.0,5,1.0,1.0,4,0.01,0.01,2,5,True,0.020000000000000018
train_all_batches,gemma4_26b_grounded_nonnull_train_batch003_fullnews_bounded_ensemble5_20260629__kalshi_train_0178__mixed_blind__neutral_forecaster__s00,Politics,up,medium,5,True,True,True,1.0,1.0,5,1.0,1.0,3,0.02,0.02,1,5,True,0.030000000000000027
train_all_batches,gemma4_26b_grounded_nonnull_train_batch003_fullnews_bounded_ensemble5_20260629__kalshi_train_0482__mixed_blind__neutral_forecaster__s00,Politics,up,medium,5,True,True,True,1.0,1.0,5,0.0,0.0,5,0.0,0.0,5,5,False,0.0
train_all_batches,gemma4_26b_grounded_nonnull_train_batch003_fullnews_bounded_ensemble5_20260629__kalshi_train_2637__mixed_blind__neutral_forecaster__s00,Economics,down,medium,4,True,True,True,0.0,0.0,4,0.0,0.0,4,0.0,0.0,4,4,False,0.0
train_all_batches,gemma4_26b_grounded_nonnull_train_batch003_fullnews_bounded_ensemble5_20260629__kalshi_train_1003__mixed_blind__neutral_forecaster__s00,Economics,down,medium,5,True,True,False,1.0,1.0,4,1.0,1.0,4,0.0026,0.0033999999999999,1,5,True,0.006000000000000005
train_all_batches,gemma4_26b_grounded_nonnull_train_batch003_fullnews_bounded_ensemble5_20260629__kalshi_train_0952__mixed_blind__neutral_forecaster__s00,Economics,up,medium,5,True,True,True,1.0,1.0,5,1.0,1.0,1,0.0022999999999999,0.0022999999999999,1,5,True,0.0022999999999999687
train_all_batches,gemma4_26b_grounded_nonnull_train_batch003_fullnews_bounded_ensemble5_20260629__kalshi_train_0416__mixed_blind__neutral_forecaster__s00,Politics,down,medium,4,True,True,False,2.0,2.0,4,2.0,2.0,4,0.0,0.0299999999999999,1,4,False,0.02999999999999997
train_all_batches,gemma4_26b_grounded_nonnull_train_batch004_fullnews_bounded_ensemble5_20260629__kalshi_train_0481__mixed_blind__neutral_forecaster__s00,Politics,up,medium,4,True,True,False,2.0,2.0,3,2.0,2.0,3,0.0047999999999999,0.0201999999999999,1,4,True,0.024999999999999994
train_all_batches,gemma4_26b_grounded_nonnull_train_batch004_fullnews_bounded_ensemble5_20260629__kalshi_train_0957__mixed_blind__neutral_forecaster__s00,Economics,down,medium,5,True,True,True,1.0,1.0,5,1.0,1.0,5,0.0499999999999999,0.0499999999999999,1,5,True,0.09
train_all_batches,gemma4_26b_grounded_nonnull_train_batch004_fullnews_bounded_ensemble5_20260629__kalshi_train_0901__mixed_blind__neutral_forecaster__s00,Politics,up,medium,5,True,True,False,5.0,5.0,3,5.0,5.0,3,0.0064999999999999,0.0135,1,5,True,0.019999999999999997
train_all_batches,gemma4_26b_grounded_nonnull_train_batch004_fullnews_bounded_ensemble5_20260629__kalshi_train_2174__mixed_blind__neutral_forecaster__s00,Politics,up,medium,4,True,True,True,2.0,2.0,2,2.0,2.0,2,0.0065999999999999,0.0065999999999999,1,4,True,0.011999999999999997
train_all_batches,gemma4_26b_grounded_nonnull_train_batch004_fullnews_bounded_ensemble5_20260629__kalshi_train_1919__mixed_blind__neutral_forecaster__s00,Politics,down,medium,5,True,True,True,1.0,1.0,5,1.0,1.0,5,0.002,0.002,5,5,False,0.0
train_all_batches,gemma4_26b_grounded_nonnull_train_batch004_fullnews_bounded_ensemble5_20260629__kalshi_train_1980__mixed_blind__neutral_forecaster__s00,Politics,down,medium,5,False,False,False,0.0,4.0,1,0.0,4.0,1,0.0,0.0233,1,5,False,0.0233
train_all_batches,gemma4_26b_grounded_nonnull_train_batch004_fullnews_bounded_ensemble5_20260629__kalshi_train_0180__mixed_blind__neutral_forecaster__s00,Politics,down,small,5,True,False,False,2.0,2.0,3,0.0,2.0,1,0.0,0.02,1,5,False,0.020000000000000018
train_all_batches,gemma4_26b_grounded_nonnull_train_batch004_fullnews_bounded_ensemble5_20260629__kalshi_train_0221__mixed_blind__neutral_forecaster__s00,Politics,down,small,5,True,True,True,0.0,0.0,5,0.0,0.0,5,0.0,0.0,5,5,False,0.0
train_all_batches,gemma4_26b_grounded_nonnull_train_batch004_fullnews_bounded_ensemble5_20260629__kalshi_train_0487__mixed_blind__neutral_forecaster__s00,Politics,down,small,5,True,True,True,0.0,0.0,5,0.0,0.0,5,0.0,0.0,5,5,False,0.0
train_all_batches,gemma4_26b_grounded_nonnull_train_batch004_fullnews_bounded_ensemble5_20260629__kalshi_train_1709__mixed_blind__neutral_forecaster__s00,Politics,down,small,4,False,False,True,2.0,3.0,1,2.0,3.0,1,0.01,0.01,4,4,True,0.020000000000000018
train_all_batches,gemma4_26b_grounded_nonnull_train_batch004_fullnews_bounded_ensemble5_20260629__kalshi_train_1801__mixed_blind__neutral_forecaster__s00,Politics,down,small,5,False,False,True,2.0,3.0,1,2.0,3.0,1,0.025,0.025,1,5,True,0.020000000000000004
train_all_batches,gemma4_26b_grounded_nonnull_train_batch004_fullnews_bounded_ensemble5_20260629__kalshi_train_2420__mixed_blind__neutral_forecaster__s00,Companies,down,small,1,True,True,True,1.0,1.0,1,1.0,1.0,1,0.03,0.03,1,1,False,0.0
train_all_batches,gemma4_26b_grounded_nonnull_train_batch004_fullnews_bounded_ensemble5_20260629__kalshi_train_2423__mixed_blind__neutral_forecaster__s00,Companies,down,small,5,False,False,True,1.0,2.0,1,1.0,2.0,1,0.0,0.0,5,5,False,0.0
train_all_batches,gemma4_26b_grounded_nonnull_train_batch004_fullnews_bounded_ensemble5_20260629__kalshi_train_2424__mixed_blind__neutral_forecaster__s00,Companies,up,small,5,True,True,True,1.0,1.0,5,1.0,1.0,2,0.02,0.02,1,5,True,0.020000000000000004
train_all_batches,gemma4_26b_grounded_nonnull_train_batch004_fullnews_bounded_ensemble5_20260629__kalshi_train_2425__mixed_blind__neutral_forecaster__s00,Companies,down,small,5,True,True,True,2.0,2.0,5,0.0,0.0,5,0.0,0.0,5,5,False,0.0
train_all_batches,gemma4_26b_grounded_nonnull_train_batch004_fullnews_bounded_ensemble5_20260629__kalshi_train_0139__mixed_blind__neutral_forecaster__s00,Politics,down,small,5,False,False,False,1.0,3.0,1,1.0,3.0,1,0.0136999999999999,0.0363,1,5,True,0.04999999999999999
train_all_batches,gemma4_26b_grounded_nonnull_train_batch004_fullnews_bounded_ensemble5_20260629__kalshi_train_2245__mixed_blind__neutral_forecaster__s00,Politics,down,small,5,True,True,True,1.0,1.0,5,1.0,1.0,5,0.0199999999999999,0.0199999999999999,5,5,False,0.0
train_all_batches,gemma4_26b_grounded_nonnull_train_batch004_fullnews_bounded_ensemble5_20260629__kalshi_train_2246__mixed_blind__neutral_forecaster__s00,Politics,up,small,1,True,True,True,1.0,1.0,1,1.0,1.0,1,0.0499,0.0499,1,1,True,0.0
train_all_batches,gemma4_26b_grounded_nonnull_train_batch004_fullnews_bounded_ensemble5_20260629__kalshi_train_2419__mixed_blind__neutral_forecaster__s00,Companies,up,small,5,True,True,True,1.0,1.0,1,0.0,0.0,5,0.0,0.0,5,5,False,0.0
train_all_batches,gemma4_26b_grounded_nonnull_train_batch004_fullnews_bounded_ensemble5_20260629__kalshi_train_0591__mixed_blind__neutral_forecaster__s00,Politics,down,small,5,True,False,False,2.0,2.0,5,0.0,2.0,1,0.0,0.0264999999999999,1,5,False,0.026499999999999996
train_all_batches,gemma4_26b_grounded_nonnull_train_batch004_fullnews_bounded_ensemble5_20260629__kalshi_train_1957__mixed_blind__neutral_forecaster__s00,Politics,down,small,2,False,True,True,1.0,3.0,1,0.0,0.0,2,0.0,0.0,2,2,False,0.0
train_all_batches,gemma4_26b_grounded_nonnull_train_batch004_fullnews_bounded_ensemble5_20260629__kalshi_train_1117__mixed_blind__neutral_forecaster__s00,Economics,up,small,5,True,True,True,1.0,1.0,5,1.0,1.0,5,0.0149999999999999,0.0149999999999999,1,5,True,0.005499999999999949
train_all_batches,gemma4_26b_grounded_nonnull_train_batch004_fullnews_bounded_ensemble5_20260629__kalshi_train_2666__mixed_blind__neutral_forecaster__s00,Economics,up,small,5,True,True,True,1.0,1.0,5,1.0,1.0,5,0.01,0.01,1,5,True,0.01200000000000001
train_all_batches,gemma4_26b_grounded_nonnull_train_batch004_fullnews_bounded_ensemble5_20260629__kalshi_train_0956__mixed_blind__neutral_forecaster__s00,Economics,down,small,5,True,True,True,2.0,2.0,4,2.0,2.0,4,0.02,0.02,1,5,True,0.04000000000000001
train_all_batches,gemma4_26b_grounded_nonnull_train_batch004_fullnews_bounded_ensemble5_20260629__kalshi_train_0179__mixed_blind__neutral_forecaster__s00,Politics,down,small,5,True,True,True,0.0,0.0,5,0.0,0.0,5,0.0,0.0,5,5,False,0.0
train_all_batches,gemma4_26b_grounded_nonnull_train_batch004_fullnews_bounded_ensemble5_20260629__kalshi_train_1116__mixed_blind__neutral_forecaster__s00,Economics,down,small,5,True,True,True,4.0,4.0,1,4.0,4.0,1,0.0011999999999999,0.0011999999999999,5,5,True,0.0
train_all_batches,gemma4_26b_grounded_nonnull_train_batch004_fullnews_bounded_ensemble5_20260629__kalshi_train_0489__mixed_blind__neutral_forecaster__s00,Politics,up,small,2,True,True,True,1.0,1.0,2,1.0,1.0,2,0.0178999999999999,0.0178999999999999,1,2,True,0.010000000000000009
train_all_batches,gemma4_26b_grounded_nonnull_train_batch004_fullnews_bounded_ensemble5_20260629__kalshi_train_0896__mixed_blind__neutral_forecaster__s00,Politics,up,small,5,True,True,True,0.0,0.0,5,0.0,0.0,5,0.0,0.0,5,5,False,0.0
train_all_batches,gemma4_26b_grounded_nonnull_train_batch004_fullnews_bounded_ensemble5_20260629__kalshi_train_0315__mixed_blind__neutral_forecaster__s00,Companies,down,small,5,True,True,True,1.0,1.0,2,1.0,1.0,2,0.07,0.07,2,5,True,0.07000000000000003
train_all_batches,gemma4_26b_grounded_nonnull_train_batch004_fullnews_bounded_ensemble5_20260629__kalshi_train_0183__mixed_blind__neutral_forecaster__s00,Politics,up,small,5,True,True,True,2.0,2.0,1,2.0,2.0,1,0.0393,0.0393,1,5,True,0.0393
train_all_batches,gemma4_26b_grounded_nonnull_train_batch004_fullnews_bounded_ensemble5_20260629__kalshi_train_1367__mixed_blind__neutral_forecaster__s00,Science and Technology,down,small,5,True,True,True,0.0,0.0,5,0.0,0.0,5,0.0,0.0,5,5,False,0.0
train_all_batches,gemma4_26b_grounded_nonnull_train_batch004_fullnews_bounded_ensemble5_20260629__kalshi_train_2250__mixed_blind__neutral_forecaster__s00,Politics,up,small,5,True,True,True,1.0,1.0,5,1.0,1.0,5,0.0039,0.0039,5,5,True,0.0
train_all_batches,gemma4_26b_grounded_nonnull_train_batch004_fullnews_bounded_ensemble5_20260629__kalshi_train_1798__mixed_blind__neutral_forecaster__s00,Politics,down,small,5,True,True,True,1.0,1.0,4,1.0,1.0,4,0.0,0.0,5,5,False,0.0
train_all_batches,gemma4_26b_grounded_nonnull_train_batch004_fullnews_bounded_ensemble5_20260629__kalshi_train_1741__mixed_blind__neutral_forecaster__s00,Science and Technology,down,small,5,True,True,True,5.0,5.0,5,5.0,5.0,5,0.0,0.0,5,5,False,0.0
train_all_batches,gemma4_26b_grounded_nonnull_train_batch004_fullnews_bounded_ensemble5_20260629__kalshi_train_2248__mixed_blind__neutral_forecaster__s00,Politics,up,small,5,True,True,True,2.0,2.0,1,2.0,2.0,1,0.03,0.03,1,5,True,0.040000000000000036
heldout_test72,gemma4_26b_explanation_grounded_nonnull_fullnews_bounded_ensemble5_20260629__kalshi_test_0354__mixed_blind__neutral_forecaster__s00,Politics,down,large,3,True,True,True,1.0,1.0,3,1.0,1.0,3,0.1543,0.1543,1,3,True,0.25
heldout_test72,gemma4_26b_explanation_grounded_nonnull_fullnews_bounded_ensemble5_20260629__kalshi_test_0503__mixed_blind__neutral_forecaster__s00,Elections,up,large,5,True,True,True,1.0,1.0,5,1.0,1.0,5,0.5599999999999999,0.5599999999999999,1,5,True,0.07999999999999996
heldout_test72,gemma4_26b_explanation_grounded_nonnull_fullnews_bounded_ensemble5_20260629__kalshi_test_1104__mixed_blind__neutral_forecaster__s00,Politics,up,large,5,False,False,True,2.0,5.0,3,2.0,4.0,1,0.0385,0.0385,1,5,True,0.038500000000000006
heldout_test72,gemma4_26b_explanation_grounded_nonnull_fullnews_bounded_ensemble5_20260629__kalshi_test_0002__mixed_blind__neutral_forecaster__s00,Politics,up,large,5,True,True,True,2.0,2.0,1,2.0,2.0,1,0.0999999999999999,0.0999999999999999,1,5,True,0.09999999999999998
heldout_test72,gemma4_26b_explanation_grounded_nonnull_fullnews_bounded_ensemble5_20260629__kalshi_test_1108__mixed_blind__neutral_forecaster__s00,Politics,up,large,5,True,True,True,2.0,2.0,4,2.0,2.0,4,0.0096,0.0096,1,5,True,0.009600000000000011
heldout_test72,gemma4_26b_explanation_grounded_nonnull_fullnews_bounded_ensemble5_20260629__kalshi_test_0873__mixed_blind__neutral_forecaster__s00,Politics,up,large,5,True,True,True,1.0,1.0,5,1.0,1.0,5,0.02,0.02,1,5,True,0.020000000000000004
heldout_test72,gemma4_26b_explanation_grounded_nonnull_fullnews_bounded_ensemble5_20260629__kalshi_test_1016__mixed_blind__neutral_forecaster__s00,Companies,down,large,5,False,False,False,0.0,1.0,3,0.0,1.0,3,0.0287999999999999,0.1088,1,5,False,0.08000000000000002
heldout_test72,gemma4_26b_explanation_grounded_nonnull_fullnews_bounded_ensemble5_20260629__kalshi_test_0305__mixed_blind__neutral_forecaster__s00,Companies,down,large,5,True,True,True,1.0,1.0,5,1.0,1.0,5,0.1378999999999999,0.1378999999999999,1,5,True,0.26000000000000006
heldout_test72,gemma4_26b_explanation_grounded_nonnull_fullnews_bounded_ensemble5_20260629__kalshi_test_0013__mixed_blind__neutral_forecaster__s00,Politics,up,large,5,True,True,True,2.0,2.0,1,2.0,2.0,1,0.015,0.015,1,5,True,0.015000000000000003
heldout_test72,gemma4_26b_explanation_grounded_nonnull_fullnews_bounded_ensemble5_20260629__kalshi_test_1012__mixed_blind__neutral_forecaster__s00,Companies,down,large,4,False,False,False,1.0,2.0,1,1.0,2.0,1,0.0110999999999999,0.0238999999999999,1,4,True,0.034999999999999976
heldout_test72,gemma4_26b_explanation_grounded_nonnull_fullnews_bounded_ensemble5_20260629__kalshi_test_1109__mixed_blind__neutral_forecaster__s00,Politics,up,large,5,True,True,True,4.0,4.0,4,4.0,4.0,4,0.2379,0.2379,1,5,True,0.2379
heldout_test72,gemma4_26b_explanation_grounded_nonnull_fullnews_bounded_ensemble5_20260629__kalshi_test_0874__mixed_blind__neutral_forecaster__s00,Politics,down,large,3,False,False,True,2.0,3.0,1,2.0,3.0,1,0.1012,0.1012,1,3,True,0.15000000000000002
heldout_test72,gemma4_26b_explanation_grounded_nonnull_fullnews_bounded_ensemble5_20260629__kalshi_test_0066__mixed_blind__neutral_forecaster__s00,Elections,up,large,5,True,True,True,2.0,2.0,3,2.0,2.0,3,0.0536999999999999,0.0536999999999999,1,5,True,0.05369999999999997
heldout_test72,gemma4_26b_explanation_grounded_nonnull_fullnews_bounded_ensemble5_20260629__kalshi_test_1105__mixed_blind__neutral_forecaster__s00,Politics,up,large,3,True,True,False,5.0,5.0,3,5.0,5.0,3,0.019,0.041,1,3,True,0.06000000000000005
heldout_test72,gemma4_26b_explanation_grounded_nonnull_fullnews_bounded_ensemble5_20260629__kalshi_test_0750__mixed_blind__neutral_forecaster__s00,Politics,down,large,5,False,False,False,1.0,2.0,1,1.0,2.0,1,0.0531999999999999,0.0968,1,5,True,0.15000000000000002
heldout_test72,gemma4_26b_explanation_grounded_nonnull_fullnews_bounded_ensemble5_20260629__kalshi_test_0067__mixed_blind__neutral_forecaster__s00,Elections,down,large,5,True,True,False,2.0,2.0,2,2.0,2.0,2,0.0084999999999999,0.0284999999999999,1,5,True,0.03699999999999992
heldout_test72,gemma4_26b_explanation_grounded_nonnull_fullnews_bounded_ensemble5_20260629__kalshi_test_1106__mixed_blind__neutral_forecaster__s00,Politics,up,large,5,True,True,True,1.0,1.0,4,1.0,1.0,4,0.1237,0.1237,1,5,True,0.19999999999999996
heldout_test72,gemma4_26b_explanation_grounded_nonnull_fullnews_bounded_ensemble5_20260629__kalshi_test_0082__mixed_blind__neutral_forecaster__s00,Companies,up,large,5,True,False,True,1.0,1.0,5,1.0,2.0,1,0.0468999999999999,0.0468999999999999,1,5,True,0.04689999999999994
heldout_test72,gemma4_26b_explanation_grounded_nonnull_fullnews_bounded_ensemble5_20260629__kalshi_test_0783__mixed_blind__neutral_forecaster__s00,Politics,up,large,3,True,True,True,3.0,3.0,1,3.0,3.0,1,0.0493,0.0493,1,3,True,0.04000000000000001
heldout_test72,gemma4_26b_explanation_grounded_nonnull_fullnews_bounded_ensemble5_20260629__kalshi_test_0816__mixed_blind__neutral_forecaster__s00,Elections,down,large,5,True,True,True,5.0,5.0,5,0.0,0.0,5,0.0,0.0,5,5,False,0.0
heldout_test72,gemma4_26b_explanation_grounded_nonnull_fullnews_bounded_ensemble5_20260629__kalshi_test_1100__mixed_blind__neutral_forecaster__s00,Politics,up,large,5,True,True,True,1.0,1.0,4,1.0,1.0,4,0.16,0.16,1,5,True,0.16000000000000003
heldout_test72,gemma4_26b_explanation_grounded_nonnull_fullnews_bounded_ensemble5_20260629__kalshi_test_1103__mixed_blind__neutral_forecaster__s00,Politics,down,large,4,True,True,True,5.0,5.0,3,5.0,5.0,3,0.1569,0.1569,1,4,True,0.25
heldout_test72,gemma4_26b_explanation_grounded_nonnull_fullnews_bounded_ensemble5_20260629__kalshi_test_0005__mixed_blind__neutral_forecaster__s00,Politics,down,large,5,True,True,True,0.0,0.0,5,0.0,0.0,5,0.0,0.0,5,5,False,0.0
heldout_test72,gemma4_26b_explanation_grounded_nonnull_fullnews_bounded_ensemble5_20260629__kalshi_test_1099__mixed_blind__neutral_forecaster__s00,Politics,up,large,3,True,True,True,2.0,2.0,1,2.0,2.0,1,0.0677999999999999,0.0677999999999999,1,3,True,0.07999999999999996
heldout_test72,gemma4_26b_explanation_grounded_nonnull_fullnews_bounded_ensemble5_20260629__kalshi_test_0817__mixed_blind__neutral_forecaster__s00,Elections,up,medium,5,True,True,True,2.0,2.0,1,2.0,2.0,1,0.0257,0.0257,5,5,False,0.0
heldout_test72,gemma4_26b_explanation_grounded_nonnull_fullnews_bounded_ensemble5_20260629__kalshi_test_0777__mixed_blind__neutral_forecaster__s00,Financials,up,medium,5,True,True,True,5.0,5.0,4,5.0,5.0,3,0.035,0.035,1,5,True,0.035
heldout_test72,gemma4_26b_explanation_grounded_nonnull_fullnews_bounded_ensemble5_20260629__kalshi_test_0645__mixed_blind__neutral_forecaster__s00,Companies,down,medium,3,False,False,False,1.0,2.0,1,1.0,2.0,1,0.0031999999999999,0.0532,1,3,False,0.050000000000000044
heldout_test72,gemma4_26b_explanation_grounded_nonnull_fullnews_bounded_ensemble5_20260629__kalshi_test_0644__mixed_blind__neutral_forecaster__s00,Companies,down,medium,5,False,False,False,1.0,2.0,4,1.0,2.0,4,0.0227999999999999,0.0472,1,5,True,0.06999999999999995
heldout_test72,gemma4_26b_explanation_grounded_nonnull_fullnews_bounded_ensemble5_20260629__kalshi_test_0261__mixed_blind__neutral_forecaster__s00,Companies,up,medium,5,True,True,True,1.0,1.0,5,1.0,1.0,5,0.0359,0.0359,1,5,True,0.06000000000000005
heldout_test72,gemma4_26b_explanation_grounded_nonnull_fullnews_bounded_ensemble5_20260629__kalshi_test_0646__mixed_blind__neutral_forecaster__s00,Companies,down,medium,5,True,False,False,3.0,3.0,4,0.0,3.0,1,0.0,0.0514,1,5,False,0.0514
heldout_test72,gemma4_26b_explanation_grounded_nonnull_fullnews_bounded_ensemble5_20260629__kalshi_test_0478__mixed_blind__neutral_forecaster__s00,Companies,down,medium,1,True,True,True,5.0,5.0,1,0.0,0.0,1,0.0,0.0,1,1,False,0.0
heldout_test72,gemma4_26b_explanation_grounded_nonnull_fullnews_bounded_ensemble5_20260629__kalshi_test_0735__mixed_blind__neutral_forecaster__s00,Elections,down,small,5,True,True,False,1.0,1.0,3,1.0,1.0,3,0.02,0.0399999999999999,1,5,True,0.06
heldout_test72,gemma4_26b_explanation_grounded_nonnull_fullnews_bounded_ensemble5_20260629__kalshi_test_0736__mixed_blind__neutral_forecaster__s00,Elections,up,small,5,True,True,False,1.0,1.0,3,1.0,1.0,3,0.0049999999999999,0.04,1,5,True,0.045
heldout_test72,gemma4_26b_explanation_grounded_nonnull_fullnews_bounded_ensemble5_20260629__kalshi_test_0032__mixed_blind__neutral_forecaster__s00,Politics,up,large,5,False,False,True,0.0,1.0,4,0.0,1.0,4,0.0,0.0,5,5,False,0.0
heldout_test72,gemma4_26b_explanation_grounded_nonnull_fullnews_bounded_ensemble5_20260629__kalshi_test_1102__mixed_blind__neutral_forecaster__s00,Politics,up,large,2,True,True,False,1.0,1.0,2,0.0,0.0,2,0.0,0.0088999999999999,1,2,False,0.008899999999999991
heldout_test72,gemma4_26b_explanation_grounded_nonnull_fullnews_bounded_ensemble5_20260629__kalshi_test_0291__mixed_blind__neutral_forecaster__s00,Politics,up,large,3,True,True,True,1.0,1.0,3,1.0,1.0,3,0.0,0.0,3,3,False,0.0
heldout_test72,gemma4_26b_explanation_grounded_nonnull_fullnews_bounded_ensemble5_20260629__kalshi_test_1098__mixed_blind__neutral_forecaster__s00,Politics,down,large,5,True,True,False,3.0,3.0,4,3.0,3.0,4,0.02,0.0599999999999999,1,5,False,0.039999999999999925
heldout_test72,gemma4_26b_explanation_grounded_nonnull_fullnews_bounded_ensemble5_20260629__kalshi_test_0726__mixed_blind__neutral_forecaster__s00,Politics,up,large,5,True,True,True,1.0,1.0,3,1.0,1.0,3,0.0174,0.0174,1,5,True,0.0174
heldout_test72,gemma4_26b_explanation_grounded_nonnull_fullnews_bounded_ensemble5_20260629__kalshi_test_1110__mixed_blind__neutral_forecaster__s00,Politics,up,large,2,False,False,False,0.0,5.0,1,0.0,5.0,1,0.0,0.2129999999999999,1,2,False,0.21299999999999997
heldout_test72,gemma4_26b_explanation_grounded_nonnull_fullnews_bounded_ensemble5_20260629__kalshi_test_0786__mixed_blind__neutral_forecaster__s00,Politics,down,medium,5,False,False,False,0.0,3.0,1,0.0,3.0,1,0.0,0.0759,1,5,False,0.07590000000000002
heldout_test72,gemma4_26b_explanation_grounded_nonnull_fullnews_bounded_ensemble5_20260629__kalshi_test_0272__mixed_blind__neutral_forecaster__s00,Politics,up,medium,5,True,True,True,1.0,1.0,4,1.0,1.0,4,0.0082999999999999,0.0082999999999999,1,5,True,0.008299999999999974
heldout_test72,gemma4_26b_explanation_grounded_nonnull_remaining22_fullnews_bounded_ensemble5_20260629__kalshi_test_0785__mixed_blind__neutral_forecaster__s00,Politics,down,medium,5,False,False,False,0.0,5.0,1,0.0,5.0,1,0.0,0.1574999999999999,1,5,False,0.15749999999999997
heldout_test72,gemma4_26b_explanation_grounded_nonnull_remaining22_fullnews_bounded_ensemble5_20260629__kalshi_test_0784__mixed_blind__neutral_forecaster__s00,Politics,up,medium,3,True,True,False,1.0,1.0,3,1.0,1.0,3,0.0013,0.0176999999999999,1,3,True,0.019000000000000017
heldout_test72,gemma4_26b_explanation_grounded_nonnull_remaining22_fullnews_bounded_ensemble5_20260629__kalshi_test_0006__mixed_blind__neutral_forecaster__s00,Politics,down,medium,5,True,True,False,1.0,1.0,5,1.0,1.0,5,0.0002999999999999,0.0403,1,5,False,0.04000000000000001
heldout_test72,gemma4_26b_explanation_grounded_nonnull_remaining22_fullnews_bounded_ensemble5_20260629__kalshi_test_0034__mixed_blind__neutral_forecaster__s00,Politics,up,medium,5,True,True,True,0.0,0.0,5,0.0,0.0,5,0.0,0.0,5,5,False,0.0
heldout_test72,gemma4_26b_explanation_grounded_nonnull_remaining22_fullnews_bounded_ensemble5_20260629__kalshi_test_0618__mixed_blind__neutral_forecaster__s00,Politics,down,medium,5,True,True,True,5.0,5.0,5,5.0,5.0,5,0.0426,0.0426,1,5,True,0.07990000000000003
heldout_test72,gemma4_26b_explanation_grounded_nonnull_remaining22_fullnews_bounded_ensemble5_20260629__kalshi_test_1114__mixed_blind__neutral_forecaster__s00,Politics,up,medium,5,True,True,True,4.0,4.0,3,4.0,4.0,3,0.0393,0.0393,5,5,True,0.0
heldout_test72,gemma4_26b_explanation_grounded_nonnull_remaining22_fullnews_bounded_ensemble5_20260629__kalshi_test_1112__mixed_blind__neutral_forecaster__s00,Politics,up,medium,4,True,True,False,5.0,5.0,1,5.0,5.0,1,0.0191,0.0309,1,4,True,0.050000000000000044
heldout_test72,gemma4_26b_explanation_grounded_nonnull_remaining22_fullnews_bounded_ensemble5_20260629__kalshi_test_0033__mixed_blind__neutral_forecaster__s00,Politics,down,medium,5,False,False,False,1.0,2.0,1,1.0,2.0,1,0.0231,0.0268999999999999,1,5,True,0.04999999999999993
heldout_test72,gemma4_26b_explanation_grounded_nonnull_remaining22_fullnews_bounded_ensemble5_20260629__kalshi_test_1107__mixed_blind__neutral_forecaster__s00,Politics,down,medium,4,True,False,False,2.0,2.0,4,0.0,2.0,3,0.0032999999999999,0.0733,1,4,False,0.07
heldout_test72,gemma4_26b_explanation_grounded_nonnull_remaining22_fullnews_bounded_ensemble5_20260629__kalshi_test_1111__mixed_blind__neutral_forecaster__s00,Politics,up,medium,5,False,False,True,1.0,2.0,1,1.0,2.0,1,0.0499999999999999,0.0499999999999999,1,5,True,0.04999999999999993
heldout_test72,gemma4_26b_explanation_grounded_nonnull_remaining22_fullnews_bounded_ensemble5_20260629__kalshi_test_0543__mixed_blind__neutral_forecaster__s00,Politics,down,medium,4,True,True,True,5.0,5.0,4,0.0,0.0,4,0.0,0.0,4,4,False,0.0
heldout_test72,gemma4_26b_explanation_grounded_nonnull_remaining22_fullnews_bounded_ensemble5_20260629__kalshi_test_1113__mixed_blind__neutral_forecaster__s00,Politics,up,medium,4,False,False,True,2.0,4.0,1,2.0,4.0,1,0.046,0.046,1,4,True,0.08000000000000007
heldout_test72,gemma4_26b_explanation_grounded_nonnull_remaining22_fullnews_bounded_ensemble5_20260629__kalshi_test_0004__mixed_blind__neutral_forecaster__s00,Politics,down,medium,5,False,False,False,1.0,2.0,2,1.0,2.0,2,0.0373,0.0526999999999999,1,5,True,0.08999999999999997
heldout_test72,gemma4_26b_explanation_grounded_nonnull_remaining22_fullnews_bounded_ensemble5_20260629__kalshi_test_0691__mixed_blind__neutral_forecaster__s00,Politics,up,medium,4,True,True,True,2.0,2.0,3,2.0,2.0,3,0.0076,0.0076,1,4,True,0.007600000000000051
heldout_test72,gemma4_26b_explanation_grounded_nonnull_remaining22_fullnews_bounded_ensemble5_20260629__kalshi_test_0544__mixed_blind__neutral_forecaster__s00,Politics,up,medium,3,True,True,True,5.0,5.0,1,3.0,3.0,1,0.0592999999999999,0.0592999999999999,1,3,True,0.05929999999999999
heldout_test72,gemma4_26b_explanation_grounded_nonnull_remaining22_fullnews_bounded_ensemble5_20260629__kalshi_test_0690__mixed_blind__neutral_forecaster__s00,Politics,up,medium,5,True,True,True,1.0,1.0,1,1.0,1.0,1,0.0,0.0,5,5,False,0.0
heldout_test72,gemma4_26b_explanation_grounded_nonnull_remaining22_fullnews_bounded_ensemble5_20260629__kalshi_test_0263__mixed_blind__neutral_forecaster__s00,Politics,down,medium,5,True,True,False,5.0,5.0,5,5.0,5.0,5,0.01,0.08,1,5,False,0.07
heldout_test72,gemma4_26b_explanation_grounded_nonnull_remaining22_fullnews_bounded_ensemble5_20260629__kalshi_test_0752__mixed_blind__neutral_forecaster__s00,Politics,down,medium,5,False,False,True,2.0,3.0,1,0.0,3.0,1,0.0231,0.0231,1,5,True,0.04
heldout_test72,gemma4_26b_explanation_grounded_nonnull_remaining22_fullnews_bounded_ensemble5_20260629__kalshi_test_0232__mixed_blind__neutral_forecaster__s00,Politics,up,medium,5,False,False,False,1.0,4.0,1,1.0,4.0,1,0.0129,0.0271,1,5,True,0.040000000000000036
heldout_test72,gemma4_26b_explanation_grounded_nonnull_remaining22_fullnews_bounded_ensemble5_20260629__kalshi_test_0727__mixed_blind__neutral_forecaster__s00,Politics,down,medium,5,False,False,False,0.0,2.0,1,0.0,2.0,1,0.0,0.0478,1,5,False,0.04780000000000001
heldout_test72,gemma4_26b_explanation_grounded_nonnull_remaining22_fullnews_bounded_ensemble5_20260629__kalshi_test_0545__mixed_blind__neutral_forecaster__s00,Politics,up,small,5,True,True,True,1.0,1.0,5,1.0,1.0,5,0.0,0.0,5,5,False,0.0
